DATETIME,price
2015-11-09 23:00:00,103.66999999999989
2015-11-10 23:00:00,103.94999999999989
2015-11-11 23:00:00,104.48999999999991
2015-11-12 23:00:00,104.57999999999991
2015-11-13 23:00:00,104.5299999999999
2015-11-16 23:00:00,104.7799999999999
2015-11-17 23:00:00,104.8999999999999
2015-11-18 23:00:00,104.2199999999999
2015-11-19 23:00:00,104.73999999999991
2015-11-20 23:00:00,104.73999999999991
2015-11-23 23:00:00,103.9999999999999
2015-11-24 23:00:00,104.4999999999999
2015-11-25 23:00:00,104.1499999999999
2015-11-26 23:00:00,103.9099999999999
2015-11-27 23:00:00,103.47999999999989
2015-11-30 23:00:00,103.7199999999999
2015-12-01 23:00:00,104.0999999999999
2015-12-02 23:00:00,103.98999999999991
2015-12-03 23:00:00,103.97999999999989
2015-12-04 23:00:00,103.76999999999991
2015-12-07 23:00:00,103.8099999999999
2015-12-08 23:00:00,103.39999999999988
2015-12-09 23:00:00,103.32999999999988
2015-12-10 23:00:00,103.4099999999999
2015-12-11 23:00:00,103.29999999999988
2015-12-14 23:00:00,102.7199999999999
2015-12-15 23:00:00,103.26999999999988
2015-12-16 23:00:00,103.85999999999989
2015-12-17 23:00:00,104.44999999999989
2015-12-18 23:00:00,104.6599999999999
2015-12-21 23:00:00,104.69999999999989
2015-12-22 23:00:00,104.82999999999988
2015-12-23 23:00:00,105.4099999999999
2015-12-24 23:00:00,105.63999999999989
2015-12-25 23:00:00,105.64999999999988
2015-12-28 23:00:00,105.54999999999988
2015-12-29 23:00:00,105.10999999999989
2015-12-30 23:00:00,105.14999999999988
2015-12-31 23:00:00,105.66999999999989
2016-01-04 23:00:00,104.66999999999989
2016-01-05 23:00:00,104.72999999999989
2016-01-06 23:00:00,104.16999999999989
2016-01-07 23:00:00,103.91999999999989
2016-01-08 23:00:00,104.48999999999988
2016-01-11 23:00:00,104.15999999999987
2016-01-12 23:00:00,103.99999999999987
2016-01-13 23:00:00,104.05999999999987
2016-01-14 23:00:00,102.75999999999989
2016-01-15 23:00:00,102.20999999999988
2016-01-18 23:00:00,102.32999999999988
2016-01-19 23:00:00,102.41999999999989
2016-01-20 23:00:00,101.39999999999988
2016-01-21 23:00:00,101.50999999999989
2016-01-22 23:00:00,102.57999999999988
2016-01-25 23:00:00,102.14999999999988
2016-01-26 23:00:00,101.91999999999989
2016-01-27 23:00:00,101.61999999999988
2016-01-28 23:00:00,101.37999999999987
2016-01-29 23:00:00,102.30999999999987
2016-02-01 23:00:00,102.19999999999989
2016-02-02 23:00:00,101.89999999999988
2016-02-03 23:00:00,101.66999999999989
2016-02-04 23:00:00,102.91999999999989
2016-02-05 23:00:00,102.72999999999989
2016-02-08 23:00:00,102.28999999999989
2016-02-09 23:00:00,102.11999999999988
2016-02-10 23:00:00,102.47999999999989
2016-02-11 23:00:00,101.22999999999989
2016-02-12 23:00:00,101.3799999999999
2016-02-15 23:00:00,101.6599999999999
2016-02-16 23:00:00,101.2499999999999
2016-02-17 23:00:00,100.9399999999999
2016-02-18 23:00:00,101.00999999999989
2016-02-19 23:00:00,100.30999999999987
2016-02-22 23:00:00,100.8199999999999
2016-02-23 23:00:00,100.86999999999988
2016-02-24 23:00:00,100.94999999999989
2016-02-25 23:00:00,100.66999999999989
2016-02-26 23:00:00,100.83999999999988
2016-02-29 23:00:00,101.4399999999999
2016-03-01 23:00:00,102.73999999999988
2016-03-02 23:00:00,103.52999999999987
2016-03-03 23:00:00,104.1599999999999
2016-03-04 23:00:00,104.64999999999988
2016-03-07 23:00:00,104.58999999999988
2016-03-08 23:00:00,103.84999999999987
2016-03-09 23:00:00,104.40999999999987
2016-03-10 23:00:00,104.85999999999989
2016-03-11 23:00:00,104.72999999999986
2016-03-14 23:00:00,104.77999999999987
2016-03-15 23:00:00,104.10999999999989
2016-03-16 23:00:00,104.38999999999986
2016-03-17 23:00:00,105.84999999999987
2016-03-18 23:00:00,106.40999999999987
2016-03-21 23:00:00,106.25999999999986
2016-03-22 23:00:00,106.04999999999988
2016-03-23 23:00:00,106.01999999999988
2016-03-24 23:00:00,105.51999999999988
2016-03-25 23:00:00,105.74999999999987
2016-03-28 23:00:00,106.13999999999986
2016-03-29 23:00:00,106.14999999999988
2016-03-30 23:00:00,107.26999999999988
2016-03-31 23:00:00,107.55999999999987
2016-04-01 23:00:00,107.19999999999986
2016-04-04 23:00:00,107.54999999999988
2016-04-05 23:00:00,107.01999999999988
2016-04-06 23:00:00,106.59999999999987
2016-04-07 23:00:00,106.76999999999985
2016-04-08 23:00:00,106.79999999999986
2016-04-11 23:00:00,107.11999999999988
2016-04-12 23:00:00,107.15999999999987
2016-04-13 23:00:00,106.68999999999987
2016-04-14 23:00:00,106.82999999999986
2016-04-15 23:00:00,106.79999999999986
2016-04-18 23:00:00,106.81999999999987
2016-04-19 23:00:00,107.57999999999986
2016-04-20 23:00:00,107.59999999999987
2016-04-21 23:00:00,107.29999999999986
2016-04-22 23:00:00,107.16999999999986
2016-04-25 23:00:00,106.87999999999987
2016-04-26 23:00:00,107.08999999999988
2016-04-27 23:00:00,107.29999999999986
2016-04-28 23:00:00,107.19999999999986
2016-04-29 23:00:00,107.56999999999987
2016-05-02 23:00:00,107.34999999999987
2016-05-03 23:00:00,107.47999999999986
2016-05-04 23:00:00,107.16999999999986
2016-05-05 23:00:00,107.26999999999985
2016-05-06 23:00:00,107.30999999999987
2016-05-09 23:00:00,107.46999999999987
2016-05-10 23:00:00,107.30999999999987
2016-05-11 23:00:00,107.23999999999985
2016-05-12 23:00:00,107.19999999999986
2016-05-13 23:00:00,106.98999999999985
2016-05-16 23:00:00,106.99999999999987
2016-05-17 23:00:00,106.73999999999985
2016-05-18 23:00:00,106.45999999999985
2016-05-19 23:00:00,105.70999999999985
2016-05-20 23:00:00,105.42999999999988
2016-05-23 23:00:00,105.49999999999987
2016-05-24 23:00:00,104.94999999999986
2016-05-25 23:00:00,105.89999999999988
2016-05-26 23:00:00,106.44999999999986
2016-05-27 23:00:00,106.81999999999987
2016-05-30 23:00:00,106.51999999999985
2016-05-31 23:00:00,106.35999999999986
2016-06-01 23:00:00,105.79999999999986
2016-06-02 23:00:00,106.28999999999986
2016-06-03 23:00:00,106.42999999999988
2016-06-06 23:00:00,107.07999999999986
2016-06-07 23:00:00,107.41999999999986
2016-06-08 23:00:00,107.94999999999986
2016-06-09 23:00:00,107.58999999999985
2016-06-10 23:00:00,107.50999999999986
2016-06-13 23:00:00,106.77999999999984
2016-06-14 23:00:00,106.29999999999986
2016-06-15 23:00:00,106.69999999999986
2016-06-16 23:00:00,106.37999999999987
2016-06-17 23:00:00,106.88999999999986
2016-06-20 23:00:00,106.35999999999986
2016-06-21 23:00:00,105.89999999999985
2016-06-22 23:00:00,106.02999999999984
2016-06-23 23:00:00,106.65999999999987
2016-06-24 23:00:00,104.98999999999985
2016-06-27 23:00:00,104.98999999999985
2016-06-28 23:00:00,105.14999999999985
2016-06-29 23:00:00,105.84999999999987
2016-06-30 23:00:00,106.31999999999987
2016-07-01 23:00:00,106.71999999999984
2016-07-04 23:00:00,106.95999999999985
2016-07-05 23:00:00,106.52999999999984
2016-07-06 23:00:00,106.17999999999985
2016-07-07 23:00:00,106.49999999999984
2016-07-08 23:00:00,106.63999999999986
2016-07-11 23:00:00,107.35999999999986
2016-07-12 23:00:00,107.33999999999985
2016-07-13 23:00:00,107.56999999999984
2016-07-14 23:00:00,107.91999999999986
2016-07-15 23:00:00,107.65999999999984
2016-07-18 23:00:00,107.31999999999984
2016-07-19 23:00:00,107.54999999999986
2016-07-20 23:00:00,107.22999999999986
2016-07-21 23:00:00,107.24999999999984
2016-07-22 23:00:00,107.75999999999986
2016-07-25 23:00:00,106.93999999999984
2016-07-26 23:00:00,107.03999999999986
2016-07-27 23:00:00,107.55999999999985
2016-07-28 23:00:00,107.92999999999985
2016-07-29 23:00:00,108.06999999999984
2016-08-01 23:00:00,108.69999999999986
2016-08-02 23:00:00,108.72999999999986
2016-08-03 23:00:00,108.14999999999985
2016-08-04 23:00:00,108.40999999999984
2016-08-05 23:00:00,108.76999999999985
2016-08-08 23:00:00,108.65999999999984
2016-08-09 23:00:00,108.58999999999985
2016-08-10 23:00:00,108.94999999999986
2016-08-11 23:00:00,108.73999999999985
2016-08-12 23:00:00,108.63999999999986
2016-08-15 23:00:00,108.57999999999986
2016-08-16 23:00:00,108.80999999999985
2016-08-17 23:00:00,108.30999999999985
2016-08-18 23:00:00,108.87999999999987
2016-08-19 23:00:00,108.13999999999986
2016-08-22 23:00:00,107.82999999999986
2016-08-23 23:00:00,108.13999999999986
2016-08-24 23:00:00,108.22999999999986
2016-08-25 23:00:00,108.48999999999985
2016-08-26 23:00:00,108.28999999999986
2016-08-29 23:00:00,108.27999999999984
2016-08-30 23:00:00,108.54999999999986
2016-08-31 23:00:00,108.74999999999984
2016-09-01 23:00:00,108.83999999999985
2016-09-02 23:00:00,109.19999999999986
2016-09-05 23:00:00,110.01999999999985
2016-09-06 23:00:00,110.03999999999986
2016-09-07 23:00:00,110.43999999999987
2016-09-08 23:00:00,110.58999999999988
2016-09-09 23:00:00,109.54999999999988
2016-09-12 23:00:00,109.06999999999987
2016-09-13 23:00:00,109.32999999999988
2016-09-14 23:00:00,109.07999999999988
2016-09-15 23:00:00,108.93999999999987
2016-09-16 23:00:00,109.07999999999988
2016-09-19 23:00:00,108.93999999999987
2016-09-20 23:00:00,108.77999999999987
2016-09-21 23:00:00,109.04999999999988
2016-09-22 23:00:00,109.96999999999987
2016-09-23 23:00:00,109.99999999999987
2016-09-26 23:00:00,110.08999999999988
2016-09-27 23:00:00,110.29999999999988
2016-09-28 23:00:00,110.48999999999988
2016-09-29 23:00:00,109.56999999999987
2016-09-30 23:00:00,110.18999999999987
2016-10-03 23:00:00,110.37999999999987
2016-10-04 23:00:00,110.62999999999987
2016-10-05 23:00:00,110.51999999999988
2016-10-06 23:00:00,110.26999999999988
2016-10-07 23:00:00,110.4099999999999
2016-10-10 23:00:00,110.73999999999988
2016-10-11 23:00:00,110.1299999999999
2016-10-12 23:00:00,110.10999999999989
2016-10-13 23:00:00,109.82999999999988
2016-10-14 23:00:00,110.22999999999989
2016-10-17 23:00:00,110.05999999999987
2016-10-18 23:00:00,110.28999999999989
2016-10-19 23:00:00,110.36999999999988
2016-10-20 23:00:00,110.38999999999989
2016-10-21 23:00:00,110.2199999999999
2016-10-24 23:00:00,109.97999999999989
2016-10-25 23:00:00,110.41999999999989
2016-10-26 23:00:00,110.13999999999989
2016-10-27 23:00:00,110.38999999999989
2016-10-28 23:00:00,110.57999999999988
2016-10-31 23:00:00,110.64999999999988
2016-11-01 23:00:00,110.7499999999999
2016-11-02 23:00:00,110.79999999999988
2016-11-03 23:00:00,110.82999999999988
2016-11-04 23:00:00,110.91999999999989
2016-11-07 23:00:00,110.88999999999989
2016-11-08 23:00:00,111.21999999999987
2016-11-09 23:00:00,111.48999999999988
2016-11-10 23:00:00,111.46999999999987
2016-11-11 23:00:00,109.77999999999987
2016-11-14 23:00:00,108.6299999999999
2016-11-15 23:00:00,108.64999999999988
2016-11-16 23:00:00,108.19999999999989
2016-11-17 23:00:00,108.47999999999989
2016-11-18 23:00:00,107.78999999999989
2016-11-21 23:00:00,108.16999999999989
2016-11-22 23:00:00,107.5699999999999
2016-11-23 23:00:00,107.30999999999987
2016-11-24 23:00:00,107.19999999999989
2016-11-25 23:00:00,108.10999999999989
2016-11-28 23:00:00,106.98999999999988
2016-11-29 23:00:00,107.24999999999987
2016-11-30 23:00:00,107.8199999999999
2016-12-01 23:00:00,107.96999999999987
2016-12-02 23:00:00,108.26999999999988
2016-12-05 23:00:00,108.35999999999989
2016-12-06 23:00:00,109.07999999999988
2016-12-07 23:00:00,109.55999999999987
2016-12-08 23:00:00,110.2799999999999
2016-12-09 23:00:00,110.35999999999989
2016-12-12 23:00:00,110.3799999999999
2016-12-13 23:00:00,110.08999999999988
2016-12-14 23:00:00,110.30999999999987
2016-12-15 23:00:00,109.50999999999989
2016-12-16 23:00:00,109.73999999999988
2016-12-19 23:00:00,109.5999999999999
2016-12-20 23:00:00,108.83999999999988
2016-12-21 23:00:00,109.08999999999988
2016-12-22 23:00:00,108.98999999999988
2016-12-23 23:00:00,109.38999999999989
2016-12-26 23:00:00,109.66999999999989
2016-12-27 23:00:00,108.92999999999988
2016-12-28 23:00:00,108.5999999999999
2016-12-29 23:00:00,108.88999999999989
2016-12-30 23:00:00,109.28999999999989
2017-01-03 23:00:00,108.3799999999999
2017-01-04 23:00:00,109.01999999999988
2017-01-05 23:00:00,109.2799999999999
2017-01-06 23:00:00,109.26999999999988
2017-01-09 23:00:00,108.47999999999989
2017-01-10 23:00:00,108.5699999999999
2017-01-11 23:00:00,107.8699999999999
2017-01-12 23:00:00,108.8399999999999
2017-01-13 23:00:00,108.2799999999999
2017-01-16 23:00:00,108.6899999999999
2017-01-17 23:00:00,109.3399999999999
2017-01-18 23:00:00,108.88999999999989
2017-01-19 23:00:00,108.3199999999999
2017-01-20 23:00:00,108.54999999999988
2017-01-23 23:00:00,108.6299999999999
2017-01-24 23:00:00,108.7199999999999
2017-01-25 23:00:00,108.8999999999999
2017-01-26 23:00:00,109.2799999999999
2017-01-27 23:00:00,108.95999999999988
2017-01-30 23:00:00,109.29999999999988
2017-01-31 23:00:00,109.5299999999999
2017-02-01 23:00:00,110.3999999999999
2017-02-02 23:00:00,110.67999999999991
2017-02-03 23:00:00,110.8699999999999
2017-02-06 23:00:00,111.1299999999999
2017-02-07 23:00:00,110.76999999999991
2017-02-08 23:00:00,110.9999999999999
2017-02-09 23:00:00,112.1199999999999
2017-02-10 23:00:00,112.20999999999991
2017-02-13 23:00:00,111.8399999999999
2017-02-14 23:00:00,112.1899999999999
2017-02-15 23:00:00,111.91999999999989
2017-02-16 23:00:00,111.6199999999999
2017-02-17 23:00:00,111.6299999999999
2017-02-20 23:00:00,111.8699999999999
2017-02-21 23:00:00,112.25999999999989
2017-02-22 23:00:00,111.8699999999999
2017-02-23 23:00:00,112.1899999999999
2017-02-24 23:00:00,112.70999999999991
2017-02-27 23:00:00,112.50999999999989
2017-02-28 23:00:00,112.54999999999991
2017-03-01 23:00:00,112.28999999999989
2017-03-02 23:00:00,112.57999999999991
2017-03-03 23:00:00,112.3399999999999
2017-03-06 23:00:00,112.6299999999999
2017-03-07 23:00:00,112.95999999999988
2017-03-08 23:00:00,112.91999999999989
2017-03-09 23:00:00,112.8199999999999
2017-03-10 23:00:00,113.10999999999989
2017-03-13 23:00:00,114.47999999999989
2017-03-14 23:00:00,114.9399999999999
2017-03-15 23:00:00,115.3399999999999
2017-03-16 23:00:00,116.0599999999999
2017-03-17 23:00:00,115.8499999999999
2017-03-20 23:00:00,116.29999999999988
2017-03-21 23:00:00,116.5699999999999
2017-03-22 23:00:00,115.86999999999988
2017-03-23 23:00:00,115.9099999999999
2017-03-24 23:00:00,116.17999999999988
2017-03-27 23:00:00,117.00999999999989
2017-03-28 23:00:00,116.9999999999999
2017-03-29 23:00:00,117.41999999999989
2017-03-30 23:00:00,117.44999999999989
2017-03-31 23:00:00,117.5699999999999
2017-04-03 23:00:00,117.16999999999989
2017-04-04 23:00:00,116.94999999999989
2017-04-05 23:00:00,117.42999999999988
2017-04-06 23:00:00,118.3399999999999
2017-04-07 23:00:00,119.00999999999989
2017-04-10 23:00:00,118.41999999999989
2017-04-11 23:00:00,118.45999999999988
2017-04-12 23:00:00,118.1899999999999
2017-04-13 23:00:00,118.8099999999999
2017-04-14 23:00:00,118.63999999999989
2017-04-17 23:00:00,118.57999999999988
2017-04-18 23:00:00,118.3199999999999
2017-04-19 23:00:00,118.4099999999999
2017-04-20 23:00:00,118.48999999999988
2017-04-21 23:00:00,118.42999999999991
2017-04-24 23:00:00,118.85999999999989
2017-04-25 23:00:00,119.28999999999989
2017-04-26 23:00:00,119.72999999999989
2017-04-27 23:00:00,119.72999999999989
2017-04-28 23:00:00,119.42999999999991
2017-05-01 23:00:00,119.3499999999999
2017-05-02 23:00:00,119.5699999999999
2017-05-03 23:00:00,119.76999999999988
2017-05-04 23:00:00,119.75999999999989
2017-05-05 23:00:00,119.3099999999999
2017-05-08 23:00:00,119.47999999999989
2017-05-09 23:00:00,118.7199999999999
2017-05-10 23:00:00,118.8999999999999
2017-05-11 23:00:00,119.48999999999988
2017-05-12 23:00:00,119.5999999999999
2017-05-15 23:00:00,120.20999999999988
2017-05-16 23:00:00,120.20999999999988
2017-05-17 23:00:00,119.95999999999988
2017-05-18 23:00:00,118.3499999999999
2017-05-19 23:00:00,119.00999999999989
2017-05-22 23:00:00,119.1899999999999
2017-05-23 23:00:00,118.38999999999989
2017-05-24 23:00:00,118.73999999999988
2017-05-25 23:00:00,119.0599999999999
2017-05-26 23:00:00,119.44999999999989
2017-05-29 23:00:00,119.38999999999989
2017-05-30 23:00:00,119.01999999999988
2017-05-31 23:00:00,119.41999999999989
2017-06-01 23:00:00,119.47999999999989
2017-06-02 23:00:00,119.57999999999988
2017-06-05 23:00:00,119.91999999999989
2017-06-06 23:00:00,119.6599999999999
2017-06-07 23:00:00,119.8399999999999
2017-06-08 23:00:00,120.2799999999999
2017-06-09 23:00:00,120.1899999999999
2017-06-12 23:00:00,119.66999999999992
2017-06-13 23:00:00,120.01999999999991
2017-06-14 23:00:00,120.17999999999991
2017-06-15 23:00:00,119.54999999999991
2017-06-16 23:00:00,119.8099999999999
2017-06-19 23:00:00,119.85999999999991
2017-06-20 23:00:00,119.76999999999991
2017-06-21 23:00:00,119.67999999999991
2017-06-22 23:00:00,119.57999999999991
2017-06-23 23:00:00,119.78999999999989
2017-06-26 23:00:00,119.75999999999989
2017-06-27 23:00:00,119.7499999999999
2017-06-28 23:00:00,119.6199999999999
2017-06-29 23:00:00,119.53999999999989
2017-06-30 23:00:00,119.6299999999999
2017-07-03 23:00:00,118.91999999999992
2017-07-04 23:00:00,119.29999999999991
2017-07-05 23:00:00,119.19999999999989
2017-07-06 23:00:00,119.2799999999999
2017-07-07 23:00:00,119.6199999999999
2017-07-10 23:00:00,119.8799999999999
2017-07-11 23:00:00,119.51999999999991
2017-07-12 23:00:00,119.8999999999999
2017-07-13 23:00:00,120.19999999999992
2017-07-14 23:00:00,120.35999999999991
2017-07-17 23:00:00,120.41999999999992
2017-07-18 23:00:00,120.54999999999991
2017-07-19 23:00:00,120.67999999999991
2017-07-20 23:00:00,120.3699999999999
2017-07-21 23:00:00,120.57999999999991
2017-07-24 23:00:00,120.57999999999991
2017-07-25 23:00:00,120.50999999999992
2017-07-26 23:00:00,120.4699999999999
2017-07-27 23:00:00,121.17999999999991
2017-07-28 23:00:00,121.07999999999991
2017-07-31 23:00:00,121.0899999999999
2017-08-01 23:00:00,121.3699999999999
2017-08-02 23:00:00,122.3699999999999
2017-08-03 23:00:00,122.3699999999999
2017-08-04 23:00:00,122.56999999999992
2017-08-07 23:00:00,122.0599999999999
2017-08-08 23:00:00,122.3399999999999
2017-08-09 23:00:00,121.78999999999992
2017-08-10 23:00:00,121.6499999999999
2017-08-11 23:00:00,121.04999999999991
2017-08-14 23:00:00,121.17999999999991
2017-08-15 23:00:00,121.2499999999999
2017-08-16 23:00:00,121.17999999999991
2017-08-17 23:00:00,121.23999999999991
2017-08-18 23:00:00,121.3699999999999
2017-08-21 23:00:00,121.45999999999991
2017-08-22 23:00:00,121.38999999999992
2017-08-23 23:00:00,121.4999999999999
2017-08-24 23:00:00,121.7199999999999
2017-08-25 23:00:00,121.70999999999991
2017-08-28 23:00:00,122.0599999999999
2017-08-29 23:00:00,121.8499999999999
2017-08-30 23:00:00,121.8499999999999
2017-08-31 23:00:00,122.07999999999991
2017-09-01 23:00:00,121.8799999999999
2017-09-04 23:00:00,121.76999999999991
2017-09-05 23:00:00,121.6299999999999
2017-09-06 23:00:00,121.6299999999999
2017-09-07 23:00:00,121.92999999999991
2017-09-08 23:00:00,122.4699999999999
2017-09-11 23:00:00,122.1899999999999
2017-09-12 23:00:00,121.8699999999999
2017-09-13 23:00:00,122.04999999999991
2017-09-14 23:00:00,121.70999999999991
2017-09-15 23:00:00,121.8499999999999
2017-09-18 23:00:00,121.7199999999999
2017-09-19 23:00:00,121.23999999999991
2017-09-20 23:00:00,121.3199999999999
2017-09-21 23:00:00,119.9699999999999
2017-09-22 23:00:00,119.97999999999992
2017-09-25 23:00:00,119.2799999999999
2017-09-26 23:00:00,118.5599999999999
2017-09-27 23:00:00,117.97999999999992
2017-09-28 23:00:00,118.4999999999999
2017-09-29 23:00:00,118.9399999999999
2017-10-02 23:00:00,118.66999999999992
2017-10-03 23:00:00,118.54999999999991
2017-10-04 23:00:00,119.7199999999999
2017-10-05 23:00:00,119.51999999999991
2017-10-06 23:00:00,119.0699999999999
2017-10-09 23:00:00,119.0299999999999
2017-10-10 23:00:00,119.23999999999988
2017-10-11 23:00:00,119.6299999999999
2017-10-12 23:00:00,119.88999999999989
2017-10-13 23:00:00,120.25999999999989
2017-10-16 23:00:00,120.8099999999999
2017-10-17 23:00:00,120.2199999999999
2017-10-18 23:00:00,120.1599999999999
2017-10-19 23:00:00,120.16999999999989
2017-10-20 23:00:00,120.28999999999989
2017-10-23 23:00:00,120.2199999999999
2017-10-24 23:00:00,120.0699999999999
2017-10-25 23:00:00,120.50999999999989
2017-10-26 23:00:00,120.73999999999988
2017-10-27 23:00:00,120.14999999999988
2017-10-30 23:00:00,120.72999999999989
2017-10-31 23:00:00,120.9099999999999
2017-11-01 23:00:00,121.3799999999999
2017-11-02 23:00:00,121.3799999999999
2017-11-03 23:00:00,121.50999999999989
2017-11-06 23:00:00,121.25999999999989
2017-11-07 23:00:00,120.3499999999999
2017-11-08 23:00:00,120.55999999999987
2017-11-09 23:00:00,120.62999999999987
2017-11-10 23:00:00,120.02999999999987
2017-11-13 23:00:00,119.47999999999989
2017-11-14 23:00:00,119.33999999999988
2017-11-15 23:00:00,120.00999999999989
2017-11-16 23:00:00,119.87999999999987
2017-11-17 23:00:00,120.66999999999989
2017-11-20 23:00:00,120.49999999999987
2017-11-21 23:00:00,120.99999999999987
2017-11-22 23:00:00,121.00999999999989
2017-11-23 23:00:00,121.86999999999988
2017-11-24 23:00:00,121.58999999999988
2017-11-27 23:00:00,122.05999999999987
2017-11-28 23:00:00,122.3199999999999
2017-11-29 23:00:00,122.61999999999988
2017-11-30 23:00:00,122.16999999999989
2017-12-01 23:00:00,122.10999999999989
2017-12-04 23:00:00,122.40999999999987
2017-12-05 23:00:00,122.35999999999989
2017-12-06 23:00:00,122.19999999999989
2017-12-07 23:00:00,122.19999999999989
2017-12-08 23:00:00,122.5599999999999
2017-12-11 23:00:00,122.7799999999999
2017-12-12 23:00:00,122.5599999999999
2017-12-13 23:00:00,122.5599999999999
2017-12-14 23:00:00,122.88999999999989
2017-12-15 23:00:00,123.5999999999999
2017-12-18 23:00:00,123.1499999999999
2017-12-19 23:00:00,123.78999999999989
2017-12-20 23:00:00,123.63999999999989
2017-12-21 23:00:00,123.7799999999999
2017-12-22 23:00:00,123.85999999999989
2017-12-25 23:00:00,123.95999999999991
2017-12-26 23:00:00,123.79999999999988
2017-12-27 23:00:00,123.63999999999989
2017-12-28 23:00:00,123.78999999999989
2017-12-29 23:00:00,124.3399999999999
2018-01-02 23:00:00,125.34999999999987
2018-01-03 23:00:00,125.20999999999988
2018-01-04 23:00:00,125.53999999999986
2018-01-05 23:00:00,125.6199999999999
2018-01-08 23:00:00,125.21999999999987
2018-01-09 23:00:00,124.71999999999989
2018-01-10 23:00:00,124.93999999999991
2018-01-11 23:00:00,124.8899999999999
2018-01-12 23:00:00,124.89999999999989
2018-01-15 23:00:00,125.3099999999999
2018-01-16 23:00:00,123.97999999999992
2018-01-17 23:00:00,124.31999999999992
2018-01-18 23:00:00,124.47999999999992
2018-01-19 23:00:00,124.5599999999999
2018-01-22 23:00:00,124.53999999999992
2018-01-23 23:00:00,124.6499999999999
2018-01-24 23:00:00,125.20999999999988
2018-01-25 23:00:00,125.34999999999987
2018-01-26 23:00:00,125.38999999999989
2018-01-29 23:00:00,125.14999999999988
2018-01-30 23:00:00,125.10999999999991
2018-01-31 23:00:00,125.20999999999988
2018-02-01 23:00:00,124.07999999999991
2018-02-02 23:00:00,124.03999999999992
2018-02-05 23:00:00,124.03999999999992
2018-02-06 23:00:00,123.6599999999999
2018-02-07 23:00:00,123.57999999999988
2018-02-08 23:00:00,123.67999999999988
2018-02-09 23:00:00,123.3399999999999
2018-02-12 23:00:00,123.6899999999999
2018-02-13 23:00:00,123.82999999999988
2018-02-14 23:00:00,124.23999999999988
2018-02-15 23:00:00,124.7099999999999
2018-02-16 23:00:00,123.9999999999999
2018-02-19 23:00:00,123.20999999999988
2018-02-20 23:00:00,122.53999999999989
2018-02-21 23:00:00,122.7499999999999
2018-02-22 23:00:00,122.0599999999999
2018-02-23 23:00:00,122.8399999999999
2018-02-26 23:00:00,122.75999999999989
2018-02-27 23:00:00,122.57999999999988
2018-02-28 23:00:00,121.92999999999988
2018-03-01 23:00:00,121.8399999999999
2018-03-02 23:00:00,121.8499999999999
2018-03-05 23:00:00,122.0699999999999
2018-03-06 23:00:00,122.54999999999988
2018-03-07 23:00:00,122.72999999999989
2018-03-08 23:00:00,122.20999999999988
2018-03-09 23:00:00,122.11999999999988
2018-03-12 23:00:00,122.28999999999989
2018-03-13 23:00:00,122.79999999999988
2018-03-14 23:00:00,122.91999999999989
2018-03-15 23:00:00,122.76999999999988
2018-03-16 23:00:00,122.79999999999988
2018-03-19 23:00:00,122.13999999999989
2018-03-20 23:00:00,122.0699999999999
2018-03-21 23:00:00,122.08999999999988
2018-03-22 23:00:00,122.42999999999988
2018-03-23 23:00:00,122.71999999999987
2018-03-26 23:00:00,123.04999999999988
2018-03-27 23:00:00,123.14999999999988
2018-03-28 23:00:00,122.67999999999988
2018-03-29 23:00:00,122.6899999999999
2018-03-30 23:00:00,122.8499999999999
2018-04-02 23:00:00,122.96999999999987
2018-04-03 23:00:00,123.03999999999989
2018-04-04 23:00:00,122.6899999999999
2018-04-05 23:00:00,123.21999999999987
2018-04-06 23:00:00,123.21999999999987
2018-04-09 23:00:00,123.20999999999988
2018-04-10 23:00:00,123.30999999999987
2018-04-11 23:00:00,122.54999999999986
2018-04-12 23:00:00,122.61999999999988
2018-04-13 23:00:00,122.76999999999988
2018-04-16 23:00:00,122.07999999999986
2018-04-17 23:00:00,121.72999999999986
2018-04-18 23:00:00,121.68999999999987
2018-04-19 23:00:00,121.41999999999986
2018-04-20 23:00:00,120.66999999999986
2018-04-23 23:00:00,119.82999999999986
2018-04-24 23:00:00,120.09999999999987
2018-04-25 23:00:00,118.79999999999986
2018-04-26 23:00:00,119.47999999999986
2018-04-27 23:00:00,119.61999999999988
2018-04-30 23:00:00,120.04999999999986
2018-05-01 23:00:00,119.71999999999987
2018-05-02 23:00:00,119.55999999999987
2018-05-03 23:00:00,119.73999999999988
2018-05-04 23:00:00,119.21999999999987
2018-05-07 23:00:00,118.57999999999986
2018-05-08 23:00:00,118.79999999999986
2018-05-09 23:00:00,118.39999999999985
2018-05-10 23:00:00,118.38999999999986
2018-05-11 23:00:00,118.38999999999986
2018-05-14 23:00:00,118.00999999999986
2018-05-15 23:00:00,116.62999999999984
2018-05-16 23:00:00,117.17999999999985
2018-05-17 23:00:00,117.62999999999984
2018-05-18 23:00:00,116.86999999999985
2018-05-21 23:00:00,116.66999999999986
2018-05-22 23:00:00,116.91999999999986
2018-05-23 23:00:00,116.00999999999986
2018-05-24 23:00:00,116.30999999999985
2018-05-25 23:00:00,117.60999999999986
2018-05-28 23:00:00,118.46999999999984
2018-05-29 23:00:00,117.53999999999986
2018-05-30 23:00:00,120.15999999999984
2018-05-31 23:00:00,118.60999999999986
2018-06-01 23:00:00,119.30999999999985
2018-06-04 23:00:00,119.32999999999986
2018-06-05 23:00:00,119.31999999999987
2018-06-06 23:00:00,119.80999999999985
2018-06-07 23:00:00,119.39999999999985
2018-06-08 23:00:00,118.23999999999985
2018-06-11 23:00:00,118.58999999999985
2018-06-12 23:00:00,118.58999999999985
2018-06-13 23:00:00,118.27999999999984
2018-06-14 23:00:00,118.43999999999987
2018-06-15 23:00:00,117.52999999999984
2018-06-18 23:00:00,117.49999999999984
2018-06-19 23:00:00,116.69999999999986
2018-06-20 23:00:00,117.40999999999987
2018-06-21 23:00:00,117.64999999999985
2018-06-22 23:00:00,118.30999999999985
2018-06-25 23:00:00,117.56999999999987
2018-06-26 23:00:00,117.21999999999984
2018-06-27 23:00:00,116.34999999999987
2018-06-28 23:00:00,116.05999999999985
2018-06-29 23:00:00,116.75999999999986
2018-07-02 23:00:00,116.18999999999987
2018-07-03 23:00:00,116.59999999999987
2018-07-04 23:00:00,116.33999999999985
2018-07-05 23:00:00,116.03999999999986
2018-07-06 23:00:00,116.09999999999987
2018-07-09 23:00:00,116.55999999999987
2018-07-10 23:00:00,116.31999999999987
2018-07-11 23:00:00,116.40999999999987
2018-07-12 23:00:00,116.97999999999986
2018-07-13 23:00:00,117.10999999999986
2018-07-16 23:00:00,117.01999999999988
2018-07-17 23:00:00,117.31999999999987
2018-07-18 23:00:00,117.04999999999988
2018-07-19 23:00:00,116.06999999999987
2018-07-20 23:00:00,116.51999999999988
2018-07-23 23:00:00,116.54999999999988
2018-07-24 23:00:00,116.39999999999988
2018-07-25 23:00:00,116.65999999999987
2018-07-26 23:00:00,117.04999999999988
2018-07-27 23:00:00,117.05999999999987
2018-07-30 23:00:00,117.13999999999986
2018-07-31 23:00:00,117.35999999999986
2018-08-01 23:00:00,117.65999999999987
2018-08-02 23:00:00,117.12999999999987
2018-08-03 23:00:00,117.47999999999986
2018-08-06 23:00:00,116.81999999999987
2018-08-07 23:00:00,117.23999999999988
2018-08-08 23:00:00,117.32999999999988
2018-08-09 23:00:00,117.31999999999987
2018-08-10 23:00:00,116.96999999999987
2018-08-13 23:00:00,114.48999999999988
2018-08-14 23:00:00,114.71999999999987
2018-08-15 23:00:00,112.94999999999989
2018-08-16 23:00:00,113.97999999999989
2018-08-17 23:00:00,114.10999999999989
2018-08-20 23:00:00,114.88999999999989
2018-08-21 23:00:00,114.87999999999987
2018-08-22 23:00:00,114.89999999999988
2018-08-23 23:00:00,114.46999999999987
2018-08-24 23:00:00,114.83999999999988
2018-08-27 23:00:00,114.37999999999987
2018-08-28 23:00:00,114.40999999999987
2018-08-29 23:00:00,113.44999999999989
2018-08-30 23:00:00,113.15999999999987
2018-08-31 23:00:00,112.57999999999988
2018-09-03 23:00:00,112.45999999999988
2018-09-04 23:00:00,111.66999999999989
2018-09-05 23:00:00,111.31999999999987
2018-09-06 23:00:00,110.93999999999987
2018-09-07 23:00:00,111.45999999999988
2018-09-10 23:00:00,109.98999999999985
2018-09-11 23:00:00,109.50999999999986
2018-09-12 23:00:00,110.59999999999987
2018-09-13 23:00:00,111.42999999999988
2018-09-14 23:00:00,111.42999999999988
2018-09-17 23:00:00,110.08999999999988
2018-09-18 23:00:00,109.31999999999987
2018-09-19 23:00:00,110.46999999999987
2018-09-20 23:00:00,111.27999999999987
2018-09-21 23:00:00,110.81999999999987
2018-09-24 23:00:00,109.96999999999987
2018-09-25 23:00:00,109.84999999999987
2018-09-26 23:00:00,110.11999999999988
2018-09-27 23:00:00,110.10999999999986
2018-09-28 23:00:00,110.35999999999986
2018-10-01 23:00:00,109.65999999999987
2018-10-02 23:00:00,108.62999999999987
2018-10-03 23:00:00,108.81999999999987
2018-10-04 23:00:00,108.34999999999987
2018-10-05 23:00:00,107.85999999999986
2018-10-08 23:00:00,107.45999999999985
2018-10-09 23:00:00,106.97999999999986
2018-10-10 23:00:00,107.37999999999987
2018-10-11 23:00:00,107.70999999999985
2018-10-12 23:00:00,108.73999999999985
2018-10-15 23:00:00,108.38999999999986
2018-10-16 23:00:00,109.11999999999985
2018-10-17 23:00:00,108.91999999999986
2018-10-18 23:00:00,109.12999999999987
2018-10-19 23:00:00,109.45999999999985
2018-10-22 23:00:00,109.04999999999986
2018-10-23 23:00:00,109.00999999999986
2018-10-24 23:00:00,109.84999999999987
2018-10-25 23:00:00,109.71999999999984
2018-10-26 23:00:00,109.44999999999986
2018-10-29 23:00:00,109.52999999999984
2018-10-30 23:00:00,109.07999999999986
2018-10-31 23:00:00,108.57999999999986
2018-11-01 23:00:00,109.58999999999985
2018-11-02 23:00:00,111.52999999999984
2018-11-05 23:00:00,110.34999999999987
2018-11-06 23:00:00,110.56999999999987
2018-11-07 23:00:00,111.72999999999986
2018-11-08 23:00:00,111.71999999999987
2018-11-09 23:00:00,111.38999999999986
2018-11-12 23:00:00,110.64999999999988
2018-11-13 23:00:00,111.16999999999986
2018-11-14 23:00:00,111.98999999999988
2018-11-15 23:00:00,112.52999999999987
2018-11-16 23:00:00,112.66999999999986
2018-11-19 23:00:00,113.42999999999988
2018-11-20 23:00:00,113.79999999999988
2018-11-21 23:00:00,114.25999999999986
2018-11-22 23:00:00,115.21999999999987
2018-11-23 23:00:00,115.26999999999988
2018-11-26 23:00:00,115.00999999999986
2018-11-27 23:00:00,115.08999999999988
2018-11-28 23:00:00,115.44999999999986
2018-11-29 23:00:00,116.92999999999988
2018-11-30 23:00:00,117.33999999999988
2018-12-03 23:00:00,115.79999999999988
2018-12-04 23:00:00,115.74999999999987
2018-12-05 23:00:00,115.76999999999988
2018-12-06 23:00:00,115.01999999999988
2018-12-07 23:00:00,115.30999999999987
2018-12-10 23:00:00,114.23999999999988
2018-12-11 23:00:00,112.90999999999987
2018-12-12 23:00:00,112.82999999999988
2018-12-13 23:00:00,113.54999999999988
2018-12-14 23:00:00,112.94999999999989
2018-12-17 23:00:00,113.8799999999999
2018-12-18 23:00:00,116.04999999999988
2018-12-19 23:00:00,116.32999999999988
2018-12-20 23:00:00,117.73999999999988
2018-12-21 23:00:00,116.68999999999987
2018-12-24 23:00:00,116.89999999999988
2018-12-25 23:00:00,116.80999999999987
2018-12-26 23:00:00,117.00999999999989
2018-12-27 23:00:00,116.50999999999989
2018-12-28 23:00:00,117.32999999999988
2018-12-31 23:00:00,117.86999999999988
2019-01-02 23:00:00,116.98999999999988
2019-01-03 23:00:00,116.92999999999988
2019-01-04 23:00:00,117.83999999999988
2019-01-07 23:00:00,118.0699999999999
2019-01-08 23:00:00,116.9399999999999
2019-01-09 23:00:00,116.29999999999991
2019-01-10 23:00:00,116.51999999999991
2019-01-11 23:00:00,116.38999999999992
2019-01-14 23:00:00,115.57999999999991
2019-01-15 23:00:00,115.28999999999992
2019-01-16 23:00:00,114.8399999999999
2019-01-17 23:00:00,115.3199999999999
2019-01-18 23:00:00,115.00999999999992
2019-01-21 23:00:00,114.8699999999999
2019-01-22 23:00:00,114.5899999999999
2019-01-23 23:00:00,114.82999999999991
2019-01-24 23:00:00,115.4399999999999
2019-01-25 23:00:00,115.19999999999992
2019-01-28 23:00:00,115.3699999999999
2019-01-29 23:00:00,115.3199999999999
2019-01-30 23:00:00,115.28999999999992
2019-01-31 23:00:00,115.4399999999999
2019-02-01 23:00:00,115.04999999999991
2019-02-04 23:00:00,113.95999999999991
2019-02-05 23:00:00,114.4999999999999
2019-02-06 23:00:00,114.5299999999999
2019-02-07 23:00:00,114.8099999999999
2019-02-08 23:00:00,115.1199999999999
2019-02-11 23:00:00,115.3999999999999
2019-02-12 23:00:00,116.29999999999991
2019-02-13 23:00:00,116.0899999999999
2019-02-14 23:00:00,115.50999999999989
2019-02-15 23:00:00,115.3499999999999
2019-02-18 23:00:00,115.19999999999989
2019-02-19 23:00:00,114.79999999999991
2019-02-20 23:00:00,115.6499999999999
2019-02-21 23:00:00,115.51999999999991
2019-02-22 23:00:00,115.75999999999989
2019-02-25 23:00:00,116.04999999999991
2019-02-26 23:00:00,115.88999999999989
2019-02-27 23:00:00,115.3499999999999
2019-02-28 23:00:00,116.57999999999991
2019-03-01 23:00:00,116.19999999999989
2019-03-04 23:00:00,116.3799999999999
2019-03-05 23:00:00,117.19999999999989
2019-03-06 23:00:00,117.6199999999999
2019-03-07 23:00:00,118.25999999999989
2019-03-08 23:00:00,117.9999999999999
2019-03-11 23:00:00,118.51999999999991
2019-03-12 23:00:00,118.97999999999989
2019-03-13 23:00:00,119.25999999999989
2019-03-14 23:00:00,119.69999999999992
2019-03-15 23:00:00,120.22999999999989
2019-03-18 23:00:00,121.44999999999992
2019-03-19 23:00:00,120.57999999999991
2019-03-20 23:00:00,120.91999999999992
2019-03-21 23:00:00,121.50999999999989
2019-03-22 23:00:00,120.5599999999999
2019-03-25 23:00:00,120.70999999999991
2019-03-26 23:00:00,120.69999999999992
2019-03-27 23:00:00,120.5899999999999
2019-03-28 23:00:00,119.94999999999992
2019-03-29 23:00:00,120.1899999999999
2019-04-01 23:00:00,120.1499999999999
2019-04-02 23:00:00,120.76999999999991
2019-04-03 23:00:00,121.4099999999999
2019-04-04 23:00:00,120.4399999999999
2019-04-05 23:00:00,120.28999999999989
2019-04-08 23:00:00,119.4399999999999
2019-04-09 23:00:00,120.16999999999989
2019-04-10 23:00:00,120.42999999999988
2019-04-11 23:00:00,120.88999999999989
2019-04-12 23:00:00,120.42999999999988
2019-04-15 23:00:00,120.0599999999999
2019-04-16 23:00:00,119.7499999999999
2019-04-17 23:00:00,120.16999999999989
2019-04-18 23:00:00,120.2499999999999
2019-04-19 23:00:00,120.26999999999988
2019-04-22 23:00:00,119.67999999999988
2019-04-23 23:00:00,119.73999999999988
2019-04-24 23:00:00,119.2799999999999
2019-04-25 23:00:00,118.78999999999989
2019-04-26 23:00:00,119.0699999999999
2019-04-29 23:00:00,119.44999999999989
2019-04-30 23:00:00,119.97999999999989
2019-05-01 23:00:00,120.17999999999988
2019-05-02 23:00:00,120.50999999999989
2019-05-03 23:00:00,120.8199999999999
2019-05-06 23:00:00,120.5699999999999
2019-05-07 23:00:00,120.63999999999989
2019-05-08 23:00:00,119.99999999999987
2019-05-09 23:00:00,119.50999999999989
2019-05-10 23:00:00,119.4099999999999
2019-05-13 23:00:00,118.28999999999989
2019-05-14 23:00:00,118.52999999999987
2019-05-15 23:00:00,118.74999999999987
2019-05-16 23:00:00,119.43999999999987
2019-05-17 23:00:00,119.08999999999988
2019-05-20 23:00:00,120.23999999999988
2019-05-21 23:00:00,120.26999999999988
2019-05-22 23:00:00,120.35999999999989
2019-05-23 23:00:00,119.83999999999988
2019-05-24 23:00:00,120.8799999999999
2019-05-27 23:00:00,120.85999999999989
2019-05-28 23:00:00,120.60999999999989
2019-05-29 23:00:00,120.23999999999988
2019-05-30 23:00:00,120.23999999999988
2019-05-31 23:00:00,120.60999999999989
2019-06-03 23:00:00,121.55999999999987
2019-06-04 23:00:00,121.57999999999988
2019-06-05 23:00:00,121.41999999999989
2019-06-06 23:00:00,121.58999999999988
2019-06-07 23:00:00,121.1899999999999
2019-06-10 23:00:00,120.86999999999988
2019-06-11 23:00:00,121.24999999999987
2019-06-12 23:00:00,121.51999999999988
2019-06-13 23:00:00,121.27999999999987
2019-06-14 23:00:00,120.58999999999988
2019-06-17 23:00:00,120.30999999999987
2019-06-18 23:00:00,120.78999999999989
2019-06-19 23:00:00,120.80999999999987
2019-06-20 23:00:00,121.44999999999989
2019-06-21 23:00:00,121.10999999999989
2019-06-24 23:00:00,121.60999999999989
2019-06-25 23:00:00,121.52999999999987
2019-06-26 23:00:00,121.80999999999987
2019-06-27 23:00:00,122.24999999999987
2019-06-28 23:00:00,122.4099999999999
2019-07-01 23:00:00,122.66999999999989
2019-07-02 23:00:00,122.7199999999999
2019-07-03 23:00:00,122.67999999999988
2019-07-04 23:00:00,123.7199999999999
2019-07-05 23:00:00,123.89999999999988
2019-07-08 23:00:00,123.45999999999988
2019-07-09 23:00:00,123.70999999999988
2019-07-10 23:00:00,123.67999999999988
2019-07-11 23:00:00,124.0699999999999
2019-07-12 23:00:00,123.57999999999988
2019-07-15 23:00:00,123.86999999999988
2019-07-16 23:00:00,123.51999999999988
2019-07-17 23:00:00,123.30999999999987
2019-07-18 23:00:00,123.0699999999999
2019-07-19 23:00:00,123.32999999999988
2019-07-22 23:00:00,123.17999999999988
2019-07-23 23:00:00,123.11999999999988
2019-07-24 23:00:00,123.08999999999988
2019-07-25 23:00:00,122.9999999999999
2019-07-26 23:00:00,123.30999999999987
2019-07-29 23:00:00,123.73999999999988
2019-07-30 23:00:00,123.48999999999988
2019-07-31 23:00:00,123.5999999999999
2019-08-01 23:00:00,123.00999999999989
2019-08-02 23:00:00,121.83999999999988
2019-08-05 23:00:00,119.45999999999988
2019-08-06 23:00:00,119.3799999999999
2019-08-07 23:00:00,119.32999999999991
2019-08-08 23:00:00,119.81999999999992
2019-08-09 23:00:00,119.60999999999991
2019-08-12 23:00:00,118.57999999999991
2019-08-13 23:00:00,118.3799999999999
2019-08-14 23:00:00,118.6499999999999
2019-08-15 23:00:00,117.9399999999999
2019-08-16 23:00:00,118.97999999999992
2019-08-19 23:00:00,118.4099999999999
2019-08-20 23:00:00,117.9399999999999
2019-08-21 23:00:00,118.34999999999992
2019-08-22 23:00:00,117.73999999999991
2019-08-23 23:00:00,118.1199999999999
2019-08-26 23:00:00,117.41999999999992
2019-08-27 23:00:00,118.4699999999999
2019-08-28 23:00:00,117.98999999999991
2019-08-29 23:00:00,118.06999999999992
2019-08-30 23:00:00,118.75999999999992
2019-09-02 23:00:00,117.76999999999991
2019-09-03 23:00:00,116.9099999999999
2019-09-04 23:00:00,117.41999999999992
2019-09-05 23:00:00,117.9999999999999
2019-09-06 23:00:00,118.26999999999991
2019-09-09 23:00:00,118.41999999999992
2019-09-10 23:00:00,117.97999999999992
2019-09-11 23:00:00,118.41999999999992
2019-09-12 23:00:00,119.51999999999991
2019-09-13 23:00:00,119.93999999999993
2019-09-16 23:00:00,118.57999999999991
2019-09-17 23:00:00,118.20999999999994
2019-09-18 23:00:00,119.39999999999993
2019-09-19 23:00:00,119.27999999999993
2019-09-20 23:00:00,120.04999999999991
2019-09-23 23:00:00,120.15999999999993
2019-09-24 23:00:00,120.05999999999993
2019-09-25 23:00:00,119.98999999999991
2019-09-26 23:00:00,120.35999999999991
2019-09-27 23:00:00,121.12999999999992
2019-09-30 23:00:00,120.48999999999991
2019-10-01 23:00:00,120.09999999999992
2019-10-02 23:00:00,119.80999999999993
2019-10-03 23:00:00,120.52999999999993
2019-10-04 23:00:00,120.52999999999993
2019-10-07 23:00:00,120.28999999999992
2019-10-08 23:00:00,119.98999999999991
2019-10-09 23:00:00,120.21999999999993
2019-10-10 23:00:00,120.29999999999991
2019-10-11 23:00:00,120.45999999999994
2019-10-14 23:00:00,120.06999999999992
2019-10-15 23:00:00,119.45999999999994
2019-10-16 23:00:00,119.59999999999992
2019-10-17 23:00:00,120.25999999999992
2019-10-18 23:00:00,120.31999999999992
2019-10-21 23:00:00,120.88999999999992
2019-10-22 23:00:00,120.77999999999993
2019-10-23 23:00:00,120.86999999999993
2019-10-24 23:00:00,120.82999999999991
2019-10-25 23:00:00,121.04999999999991
2019-10-28 23:00:00,121.37999999999992
2019-10-29 23:00:00,121.17999999999994
2019-10-30 23:00:00,121.00999999999992
2019-10-31 23:00:00,120.80999999999993
2019-11-01 23:00:00,121.23999999999991
2019-11-04 23:00:00,121.55999999999993
2019-11-05 23:00:00,121.61999999999993
2019-11-06 23:00:00,120.97999999999992
2019-11-07 23:00:00,121.11999999999993
2019-11-08 23:00:00,120.46999999999993
2019-11-11 23:00:00,120.07999999999994
2019-11-12 23:00:00,119.66999999999994
2019-11-13 23:00:00,118.89999999999993
2019-11-14 23:00:00,119.12999999999992
2019-11-15 23:00:00,119.47999999999992
2019-11-18 23:00:00,119.42999999999994
2019-11-19 23:00:00,119.70999999999994
2019-11-20 23:00:00,119.47999999999992
2019-11-21 23:00:00,119.68999999999993
2019-11-22 23:00:00,119.85999999999994
2019-11-25 23:00:00,119.88999999999994
2019-11-26 23:00:00,120.30999999999993
2019-11-27 23:00:00,120.57999999999994
2019-11-28 23:00:00,120.16999999999994
2019-11-29 23:00:00,119.94999999999992
2019-12-02 23:00:00,120.08999999999993
2019-12-03 23:00:00,120.02999999999993
2019-12-04 23:00:00,120.35999999999994
2019-12-05 23:00:00,120.70999999999994
2019-12-06 23:00:00,121.01999999999994
2019-12-09 23:00:00,121.24999999999993
2019-12-10 23:00:00,121.45999999999994
2019-12-11 23:00:00,121.59999999999992
2019-12-12 23:00:00,121.77999999999993
2019-12-13 23:00:00,121.83999999999993
2019-12-16 23:00:00,121.51999999999994
2019-12-17 23:00:00,121.53999999999995
2019-12-18 23:00:00,121.54999999999994
2019-12-19 23:00:00,121.39999999999993
2019-12-20 23:00:00,121.30999999999993
2019-12-23 23:00:00,121.16999999999994
2019-12-24 23:00:00,121.03999999999995
2019-12-25 23:00:00,121.04999999999994
2019-12-26 23:00:00,120.99999999999993
2019-12-27 23:00:00,120.94999999999995
2019-12-30 23:00:00,121.01999999999994
2019-12-31 23:00:00,121.02999999999993
2020-01-02 23:00:00,120.98999999999994
2020-01-03 23:00:00,120.09999999999992
2020-01-06 23:00:00,119.82999999999994
2020-01-07 23:00:00,120.09999999999995
2020-01-08 23:00:00,120.34999999999995
2020-01-09 23:00:00,121.38999999999994
2020-01-10 23:00:00,121.93999999999996
2020-01-13 23:00:00,122.12999999999995
2020-01-14 23:00:00,122.12999999999995
2020-01-15 23:00:00,122.26999999999994
2020-01-16 23:00:00,122.12999999999995
2020-01-17 23:00:00,121.79999999999994
2020-01-20 23:00:00,121.75999999999995
2020-01-21 23:00:00,121.61999999999993
2020-01-22 23:00:00,121.69999999999995
2020-01-23 23:00:00,121.50999999999995
2020-01-24 23:00:00,121.41999999999994
2020-01-27 23:00:00,121.17999999999994
2020-01-28 23:00:00,121.34999999999995
2020-01-29 23:00:00,121.53999999999995
2020-01-30 23:00:00,121.01999999999994
2020-01-31 23:00:00,121.27999999999993
2020-02-03 23:00:00,121.37999999999995
2020-02-04 23:00:00,121.52999999999993
2020-02-05 23:00:00,121.81999999999995
2020-02-06 23:00:00,121.83999999999993
2020-02-07 23:00:00,121.39999999999993
2020-02-10 23:00:00,121.63999999999992
2020-02-11 23:00:00,121.69999999999992
2020-02-12 23:00:00,121.66999999999992
2020-02-13 23:00:00,121.66999999999992
2020-02-14 23:00:00,121.55999999999993
2020-02-17 23:00:00,121.74999999999993
2020-02-18 23:00:00,121.33999999999993
2020-02-19 23:00:00,121.39999999999993
2020-02-20 23:00:00,121.09999999999992
2020-02-21 23:00:00,120.43999999999993
2020-02-24 23:00:00,120.38999999999992
2020-02-25 23:00:00,120.63999999999992
2020-02-26 23:00:00,121.09999999999992
2020-02-27 23:00:00,121.29999999999991
2020-02-28 23:00:00,119.93999999999993
2020-03-02 23:00:00,119.03999999999992
2020-03-03 23:00:00,117.68999999999993
2020-03-04 23:00:00,117.89999999999993
2020-03-05 23:00:00,117.72999999999992
2020-03-06 23:00:00,116.63999999999992
2020-03-09 23:00:00,116.06999999999992
2020-03-10 23:00:00,116.84999999999992
2020-03-11 23:00:00,117.21999999999993
2020-03-12 23:00:00,115.55999999999993
2020-03-13 23:00:00,116.53999999999992
2020-03-16 23:00:00,115.92999999999994
2020-03-17 23:00:00,116.10999999999991
2020-03-18 23:00:00,115.97999999999992
2020-03-19 23:00:00,114.17999999999994
2020-03-20 23:00:00,114.30999999999993
2020-03-23 23:00:00,112.11999999999993
2020-03-24 23:00:00,111.86999999999993
2020-03-25 23:00:00,111.51999999999991
2020-03-26 23:00:00,113.15999999999993
2020-03-27 23:00:00,113.42999999999994
2020-03-30 23:00:00,113.74999999999993
2020-03-31 23:00:00,114.23999999999991
2020-04-01 23:00:00,112.67999999999994
2020-04-02 23:00:00,112.42999999999994
2020-04-03 23:00:00,111.96999999999993
2020-04-06 23:00:00,112.76999999999991
2020-04-07 23:00:00,113.9699999999999
2020-04-08 23:00:00,112.9399999999999
2020-04-09 23:00:00,113.17999999999991
2020-04-10 23:00:00,113.8999999999999
2020-04-13 23:00:00,113.73999999999991
2020-04-14 23:00:00,113.73999999999991
2020-04-15 23:00:00,113.1499999999999
2020-04-16 23:00:00,112.69999999999989
2020-04-17 23:00:00,113.63999999999989
2020-04-20 23:00:00,113.51999999999991
2020-04-21 23:00:00,112.70999999999991
2020-04-22 23:00:00,113.63999999999989
2020-04-23 23:00:00,114.54999999999991
2020-04-24 23:00:00,114.1899999999999
2020-04-27 23:00:00,114.4399999999999
2020-04-28 23:00:00,115.20999999999991
2020-04-29 23:00:00,115.5999999999999
2020-04-30 23:00:00,116.79999999999991
2020-05-01 23:00:00,115.7499999999999
2020-05-04 23:00:00,115.72999999999989
2020-05-05 23:00:00,115.5999999999999
2020-05-06 23:00:00,115.4399999999999
2020-05-07 23:00:00,115.4699999999999
2020-05-08 23:00:00,115.9399999999999
2020-05-11 23:00:00,115.6199999999999
2020-05-12 23:00:00,116.67999999999991
2020-05-13 23:00:00,116.69999999999992
2020-05-14 23:00:00,116.22999999999992
2020-05-15 23:00:00,115.8499999999999
2020-05-18 23:00:00,115.54999999999991
2020-05-19 23:00:00,116.23999999999991
2020-05-20 23:00:00,116.1899999999999
2020-05-21 23:00:00,116.5699999999999
2020-05-22 23:00:00,115.97999999999992
2020-05-25 23:00:00,115.94999999999992
2020-05-26 23:00:00,116.3699999999999
2020-05-27 23:00:00,116.17999999999991
2020-05-28 23:00:00,116.16999999999992
2020-05-29 23:00:00,116.5899999999999
2020-06-01 23:00:00,116.70999999999991
2020-06-02 23:00:00,115.76999999999991
2020-06-03 23:00:00,116.79999999999991
2020-06-04 23:00:00,116.7199999999999
2020-06-05 23:00:00,116.66999999999992
2020-06-08 23:00:00,116.8499999999999
2020-06-09 23:00:00,116.73999999999991
2020-06-10 23:00:00,116.8499999999999
2020-06-11 23:00:00,116.48999999999991
2020-06-12 23:00:00,116.3699999999999
2020-06-15 23:00:00,115.9699999999999
2020-06-16 23:00:00,115.94999999999992
2020-06-17 23:00:00,115.79999999999991
2020-06-18 23:00:00,115.9399999999999
2020-06-19 23:00:00,115.8199999999999
2020-06-22 23:00:00,116.16999999999992
2020-06-23 23:00:00,116.98999999999991
2020-06-24 23:00:00,116.91999999999992
2020-06-25 23:00:00,116.92999999999991
2020-06-26 23:00:00,116.98999999999991
2020-06-29 23:00:00,117.20999999999991
2020-06-30 23:00:00,117.1599999999999
2020-07-01 23:00:00,117.0299999999999
2020-07-02 23:00:00,118.69999999999992
2020-07-03 23:00:00,118.75999999999989
2020-07-06 23:00:00,118.8799999999999
2020-07-07 23:00:00,118.32999999999988
2020-07-08 23:00:00,118.0599999999999
2020-07-09 23:00:00,118.20999999999988
2020-07-10 23:00:00,117.72999999999989
2020-07-13 23:00:00,117.86999999999988
2020-07-14 23:00:00,117.5299999999999
2020-07-15 23:00:00,117.95999999999988
2020-07-16 23:00:00,117.86999999999988
2020-07-17 23:00:00,118.2799999999999
2020-07-20 23:00:00,118.64999999999988
2020-07-21 23:00:00,118.9699999999999
2020-07-22 23:00:00,119.07999999999988
2020-07-23 23:00:00,118.69999999999989
2020-07-24 23:00:00,118.6599999999999
2020-07-27 23:00:00,118.78999999999989
2020-07-28 23:00:00,118.70999999999988
2020-07-29 23:00:00,118.8799999999999
2020-07-30 23:00:00,118.66999999999989
2020-07-31 23:00:00,118.7799999999999
2020-08-03 23:00:00,117.97999999999989
2020-08-04 23:00:00,118.26999999999988
2020-08-05 23:00:00,118.7799999999999
2020-08-06 23:00:00,118.5999999999999
2020-08-07 23:00:00,118.5599999999999
2020-08-10 23:00:00,118.6299999999999
2020-08-11 23:00:00,119.17999999999991
2020-08-12 23:00:00,118.9699999999999
2020-08-13 23:00:00,118.94999999999992
2020-08-14 23:00:00,118.7799999999999
2020-08-17 23:00:00,118.95999999999991
2020-08-18 23:00:00,119.25999999999989
2020-08-19 23:00:00,118.9699999999999
2020-08-20 23:00:00,118.51999999999991
2020-08-21 23:00:00,118.94999999999992
2020-08-24 23:00:00,120.29999999999991
2020-08-25 23:00:00,120.10999999999991
2020-08-26 23:00:00,120.1299999999999
2020-08-27 23:00:00,120.7499999999999
2020-08-28 23:00:00,121.8999999999999
2020-08-31 23:00:00,122.00999999999989
2020-09-01 23:00:00,122.54999999999991
2020-09-02 23:00:00,122.20999999999991
2020-09-03 23:00:00,121.60999999999991
2020-09-04 23:00:00,122.28999999999989
2020-09-07 23:00:00,121.7499999999999
2020-09-08 23:00:00,120.94999999999992
2020-09-09 23:00:00,121.44999999999992
2020-09-10 23:00:00,121.75999999999992
2020-09-11 23:00:00,121.6199999999999
2020-09-14 23:00:00,121.73999999999991
2020-09-15 23:00:00,121.54999999999991
2020-09-16 23:00:00,121.6599999999999
2020-09-17 23:00:00,121.54999999999991
2020-09-18 23:00:00,121.9699999999999
2020-09-21 23:00:00,121.7499999999999
2020-09-22 23:00:00,121.9399999999999
2020-09-23 23:00:00,121.8699999999999
2020-09-24 23:00:00,121.16999999999992
2020-09-25 23:00:00,121.4999999999999
2020-09-28 23:00:00,121.62999999999992
2020-09-29 23:00:00,121.41999999999992
2020-09-30 23:00:00,121.56999999999992
2020-10-01 23:00:00,122.62999999999992
2020-10-02 23:00:00,122.3699999999999
2020-10-05 23:00:00,122.51999999999991
2020-10-06 23:00:00,122.28999999999992
2020-10-07 23:00:00,122.35999999999994
2020-10-08 23:00:00,122.52999999999993
2020-10-09 23:00:00,122.81999999999992
2020-10-12 23:00:00,122.62999999999992
2020-10-13 23:00:00,122.52999999999993
2020-10-14 23:00:00,122.51999999999994
2020-10-15 23:00:00,122.28999999999992
2020-10-16 23:00:00,122.47999999999995
2020-10-19 23:00:00,122.63999999999994
2020-10-20 23:00:00,122.29999999999994
2020-10-21 23:00:00,121.78999999999992
2020-10-22 23:00:00,121.95999999999994
2020-10-23 23:00:00,122.02999999999993
2020-10-26 23:00:00,121.34999999999992
2020-10-27 23:00:00,121.95999999999994
2020-10-28 23:00:00,121.57999999999994
2020-10-29 23:00:00,120.61999999999993
2020-10-30 23:00:00,120.41999999999994
2020-11-02 23:00:00,120.62999999999992
2020-11-03 23:00:00,120.76999999999994
2020-11-04 23:00:00,120.26999999999994
2020-11-05 23:00:00,121.30999999999993
2020-11-06 23:00:00,121.30999999999993
2020-11-09 23:00:00,121.38999999999994
2020-11-10 23:00:00,121.11999999999993
2020-11-11 23:00:00,120.90999999999995
2020-11-12 23:00:00,120.49999999999993
2020-11-13 23:00:00,120.52999999999993
2020-11-16 23:00:00,120.73999999999994
2020-11-17 23:00:00,120.84999999999995
2020-11-18 23:00:00,121.32999999999994
2020-11-19 23:00:00,121.27999999999993
2020-11-20 23:00:00,121.44999999999995
2020-11-23 23:00:00,121.69999999999995
2020-11-24 23:00:00,121.76999999999994
2020-11-25 23:00:00,121.91999999999994
2020-11-26 23:00:00,122.11999999999993
2020-11-27 23:00:00,121.87999999999995
2020-11-30 23:00:00,121.92999999999994
2020-12-01 23:00:00,122.36999999999993
2020-12-02 23:00:00,122.22999999999995
2020-12-03 23:00:00,122.07999999999994
2020-12-04 23:00:00,122.42999999999994
2020-12-07 23:00:00,122.12999999999995
2020-12-08 23:00:00,122.68999999999996
2020-12-09 23:00:00,122.73999999999997
2020-12-10 23:00:00,122.55999999999996
2020-12-11 23:00:00,122.46999999999996
2020-12-14 23:00:00,122.84999999999995
2020-12-15 23:00:00,122.85999999999994
2020-12-16 23:00:00,122.79999999999997
2020-12-17 23:00:00,122.86999999999996
2020-12-18 23:00:00,122.93999999999996
2020-12-21 23:00:00,122.01999999999997
2020-12-22 23:00:00,122.30999999999996
2020-12-23 23:00:00,122.70999999999997
2020-12-24 23:00:00,123.00999999999995
2020-12-25 23:00:00,122.90999999999995
2020-12-28 23:00:00,123.01999999999997
2020-12-29 23:00:00,123.32999999999997
2020-12-30 23:00:00,123.70999999999997
2020-12-31 23:00:00,124.01999999999997
2021-01-04 23:00:00,124.12999999999995
2021-01-05 23:00:00,123.72999999999995
2021-01-06 23:00:00,124.00999999999995
2021-01-07 23:00:00,123.43999999999996
2021-01-08 23:00:00,123.68999999999996
2021-01-11 23:00:00,123.41999999999994
2021-01-12 23:00:00,123.72999999999995
2021-01-13 23:00:00,123.83999999999996
2021-01-14 23:00:00,124.10999999999994
2021-01-15 23:00:00,124.13999999999994
2021-01-18 23:00:00,123.76999999999994
2021-01-19 23:00:00,124.00999999999995
2021-01-20 23:00:00,124.24999999999996
2021-01-21 23:00:00,124.37999999999995
2021-01-22 23:00:00,124.42999999999996
2021-01-25 23:00:00,124.47999999999995
2021-01-26 23:00:00,124.36999999999996
2021-01-27 23:00:00,124.46999999999996
2021-01-28 23:00:00,124.31999999999995
2021-01-29 23:00:00,124.53999999999995
2021-02-01 23:00:00,124.21999999999996
2021-02-02 23:00:00,124.44999999999995
2021-02-03 23:00:00,124.61999999999996
2021-02-04 23:00:00,124.58999999999996
2021-02-05 23:00:00,124.70999999999995
2021-02-08 23:00:00,124.67999999999996
2021-02-09 23:00:00,124.78999999999999
2021-02-10 23:00:00,124.96999999999994
2021-02-11 23:00:00,124.94999999999996
2021-02-12 23:00:00,125.37999999999995
2021-02-15 23:00:00,125.39999999999993
2021-02-16 23:00:00,125.23999999999997
2021-02-17 23:00:00,125.20999999999994
2021-02-18 23:00:00,125.60999999999997
2021-02-19 23:00:00,125.76999999999994
2021-02-22 23:00:00,125.90999999999993
2021-02-23 23:00:00,125.69999999999995
2021-02-24 23:00:00,126.10999999999997
2021-02-25 23:00:00,125.88999999999994
2021-02-26 23:00:00,122.86999999999996
2021-03-01 23:00:00,123.92999999999996
2021-03-02 23:00:00,124.22999999999998
2021-03-03 23:00:00,125.10999999999997
2021-03-04 23:00:00,125.37999999999995
2021-03-05 23:00:00,124.75999999999996
2021-03-08 23:00:00,124.63999999999997
2021-03-09 23:00:00,125.11999999999996
2021-03-10 23:00:00,125.11999999999996
2021-03-11 23:00:00,125.78999999999998
2021-03-12 23:00:00,125.54999999999997
2021-03-15 23:00:00,126.10999999999997
2021-03-16 23:00:00,126.13999999999994
2021-03-17 23:00:00,126.01999999999994
2021-03-18 23:00:00,126.13999999999994
2021-03-19 23:00:00,126.14999999999993
2021-03-22 23:00:00,126.44999999999996
2021-03-23 23:00:00,126.17999999999996
2021-03-24 23:00:00,125.87999999999995
2021-03-25 23:00:00,125.98999999999997
2021-03-26 23:00:00,126.18999999999996
2021-03-29 23:00:00,126.04999999999997
2021-03-30 23:00:00,124.45999999999997
2021-03-31 23:00:00,125.29999999999997
2021-04-01 23:00:00,124.85999999999999
2021-04-02 23:00:00,125.07999999999994
2021-04-05 23:00:00,125.12999999999995
2021-04-06 23:00:00,124.94999999999996
2021-04-07 23:00:00,123.22999999999998
2021-04-08 23:00:00,122.79999999999997
2021-04-09 23:00:00,122.81999999999998
2021-04-12 23:00:00,122.14999999999996
2021-04-13 23:00:00,121.41999999999997
2021-04-14 23:00:00,121.96999999999996
2021-04-15 23:00:00,122.08999999999996
2021-04-16 23:00:00,123.29999999999997
2021-04-19 23:00:00,122.55999999999996
2021-04-20 23:00:00,122.25999999999998
2021-04-21 23:00:00,121.61999999999996
2021-04-22 23:00:00,122.30999999999996
2021-04-23 23:00:00,122.36999999999996
2021-04-26 23:00:00,122.84999999999995
2021-04-27 23:00:00,123.12999999999995
2021-04-28 23:00:00,123.53999999999998
2021-04-29 23:00:00,124.12999999999995
2021-04-30 23:00:00,124.14999999999996
2021-05-03 23:00:00,124.22999999999998
2021-05-04 23:00:00,124.36999999999996
2021-05-05 23:00:00,124.49999999999996
2021-05-06 23:00:00,124.91999999999999
2021-05-07 23:00:00,125.48999999999997
2021-05-10 23:00:00,125.69999999999995
2021-05-11 23:00:00,125.66999999999997
2021-05-12 23:00:00,125.56999999999995
2021-05-13 23:00:00,125.37999999999995
2021-05-14 23:00:00,125.84999999999992
2021-05-17 23:00:00,125.83999999999993
2021-05-18 23:00:00,126.32999999999996
2021-05-19 23:00:00,126.18999999999996
2021-05-20 23:00:00,126.35999999999999
2021-05-21 23:00:00,126.94999999999997
2021-05-24 23:00:00,126.82999999999997
2021-05-25 23:00:00,127.07999999999997
2021-05-26 23:00:00,127.27999999999996
2021-05-27 23:00:00,127.61
2021-05-28 23:00:00,127.74999999999999
2021-05-31 23:00:00,127.65999999999995
2021-06-01 23:00:00,127.12999999999998
2021-06-02 23:00:00,126.65999999999994
2021-06-03 23:00:00,127.18999999999998
2021-06-04 23:00:00,127.08999999999996
2021-06-07 23:00:00,127.43999999999998
2021-06-08 23:00:00,127.34999999999995
2021-06-09 23:00:00,127.17999999999994
2021-06-10 23:00:00,126.95999999999997
2021-06-11 23:00:00,127.03999999999995
2021-06-14 23:00:00,126.70999999999997
2021-06-15 23:00:00,126.54999999999993
2021-06-16 23:00:00,126.57999999999996
2021-06-17 23:00:00,125.12999999999995
2021-06-18 23:00:00,125.47999999999992
2021-06-21 23:00:00,125.12999999999995
2021-06-22 23:00:00,124.90999999999994
2021-06-23 23:00:00,124.94999999999996
2021-06-24 23:00:00,125.17999999999991
2021-06-25 23:00:00,125.15999999999993
2021-06-28 23:00:00,125.17999999999991
2021-06-29 23:00:00,125.06999999999996
2021-06-30 23:00:00,125.01999999999995
2021-07-01 23:00:00,124.60999999999994
2021-07-02 23:00:00,124.30999999999993
2021-07-05 23:00:00,125.10999999999991
2021-07-06 23:00:00,124.72999999999993
2021-07-07 23:00:00,124.42999999999996
2021-07-08 23:00:00,124.16999999999994
2021-07-09 23:00:00,124.51999999999994
2021-07-12 23:00:00,124.58999999999996
2021-07-13 23:00:00,124.82999999999996
2021-07-14 23:00:00,124.75999999999996
2021-07-15 23:00:00,124.81999999999996
2021-07-16 23:00:00,124.71999999999994
2021-07-19 23:00:00,124.13999999999994
2021-07-20 23:00:00,124.68999999999996
2021-07-21 23:00:00,124.85999999999993
2021-07-22 23:00:00,125.10999999999991
2021-07-23 23:00:00,125.15999999999993
2021-07-26 23:00:00,125.21999999999993
2021-07-27 23:00:00,125.16999999999992
2021-07-28 23:00:00,125.32999999999994
2021-07-29 23:00:00,125.56999999999995
2021-07-30 23:00:00,125.37999999999995
2021-08-02 23:00:00,125.44999999999995
2021-08-03 23:00:00,125.66999999999992
2021-08-04 23:00:00,125.85999999999991
2021-08-05 23:00:00,125.94999999999995
2021-08-06 23:00:00,125.92999999999996
2021-08-09 23:00:00,125.72999999999998
2021-08-10 23:00:00,125.54999999999997
2021-08-11 23:00:00,125.47999999999998
2021-08-12 23:00:00,125.82999999999994
2021-08-13 23:00:00,125.91999999999997
2021-08-16 23:00:00,126.01999999999994
2021-08-17 23:00:00,125.70999999999994
2021-08-18 23:00:00,125.91999999999997
2021-08-19 23:00:00,125.69999999999995
2021-08-20 23:00:00,125.77999999999999
2021-08-23 23:00:00,126.13999999999994
2021-08-24 23:00:00,126.12999999999995
2021-08-25 23:00:00,126.02999999999999
2021-08-26 23:00:00,126.12999999999995
2021-08-27 23:00:00,127.14999999999996
2021-08-30 23:00:00,127.80999999999999
2021-08-31 23:00:00,128.42000000000002
2021-09-01 23:00:00,128.25
2021-09-02 23:00:00,128.37
2021-09-03 23:00:00,128.44
2021-09-06 23:00:00,128.35000000000002
2021-09-07 23:00:00,127.70000000000003
2021-09-08 23:00:00,127.46000000000002
2021-09-09 23:00:00,127.49
2021-09-10 23:00:00,127.75999999999998
2021-09-13 23:00:00,127.17
2021-09-14 23:00:00,127.3
2021-09-15 23:00:00,127.65000000000002
2021-09-16 23:00:00,127.61
2021-09-17 23:00:00,127.64000000000003
2021-09-20 23:00:00,127.34000000000002
2021-09-21 23:00:00,127.36999999999999
2021-09-22 23:00:00,126.99999999999999
2021-09-23 23:00:00,127.31999999999998
2021-09-24 23:00:00,127.24999999999999
2021-09-27 23:00:00,127.15000000000002
2021-09-28 23:00:00,126.65
2021-09-29 23:00:00,126.25999999999996
2021-09-30 23:00:00,126.35999999999999
2021-10-01 23:00:00,126.70000000000003
2021-10-04 23:00:00,126.36999999999998
2021-10-05 23:00:00,126.00999999999995
2021-10-06 23:00:00,125.12999999999995
2021-10-07 23:00:00,125.72999999999998
2021-10-08 23:00:00,125.21999999999993
2021-10-11 23:00:00,124.54999999999997
2021-10-12 23:00:00,124.37999999999998
2021-10-13 23:00:00,124.56999999999998
2021-10-14 23:00:00,124.83999999999995
2021-10-15 23:00:00,125.40999999999998
2021-10-18 23:00:00,124.69999999999997
2021-10-19 23:00:00,125.18999999999996
2021-10-20 23:00:00,125.51999999999994
2021-10-21 23:00:00,125.63999999999994
2021-10-22 23:00:00,125.64999999999993
2021-10-25 23:00:00,125.26999999999994
2021-10-26 23:00:00,125.47999999999998
2021-10-27 23:00:00,125.35999999999997
2021-10-28 23:00:00,125.35999999999997
2021-10-29 23:00:00,125.67999999999996
2021-11-01 23:00:00,125.45999999999994
2021-11-02 23:00:00,125.96999999999993
2021-11-03 23:00:00,126.44999999999996
2021-11-04 23:00:00,126.49999999999997
2021-11-05 23:00:00,126.80999999999999
2021-11-08 23:00:00,127.32999999999997
2021-11-09 23:00:00,127.37999999999998
2021-11-10 23:00:00,126.81999999999998
2021-11-11 23:00:00,126.74
2021-11-12 23:00:00,126.83999999999996
2021-11-15 23:00:00,126.72999999999995
2021-11-16 23:00:00,126.96999999999996
2021-11-17 23:00:00,127.20999999999997
2021-11-18 23:00:00,127.17999999999999
2021-11-19 23:00:00,126.93999999999998
2021-11-22 23:00:00,126.96999999999996
2021-11-23 23:00:00,126.84999999999995
2021-11-24 23:00:00,126.95999999999997
2021-11-25 23:00:00,126.83999999999996
2021-11-26 23:00:00,126.13999999999994
2021-11-29 23:00:00,125.83999999999993
2021-11-30 23:00:00,125.71999999999993
2021-12-01 23:00:00,126.10999999999997
2021-12-02 23:00:00,126.01999999999994
2021-12-03 23:00:00,125.88999999999994
2021-12-06 23:00:00,125.38999999999994
2021-12-07 23:00:00,125.36999999999996
2021-12-08 23:00:00,125.23999999999997
2021-12-09 23:00:00,125.15999999999998
2021-12-10 23:00:00,124.91
2021-12-13 23:00:00,124.89999999999995
2021-12-14 23:00:00,124.72999999999999
2021-12-15 23:00:00,123.92999999999996
2021-12-16 23:00:00,124.26999999999997
2021-12-17 23:00:00,124.40999999999998
2021-12-20 23:00:00,124.67999999999996
2021-12-21 23:00:00,125.21999999999998
2021-12-22 23:00:00,125.29999999999997
2021-12-23 23:00:00,125.83999999999999
2021-12-24 23:00:00,126.21999999999998
2021-12-27 23:00:00,126.32999999999996
2021-12-28 23:00:00,126.81999999999998
2021-12-29 23:00:00,126.89999999999996
2021-12-30 23:00:00,127.49999999999999
2021-12-31 23:00:00,127.64999999999996
2022-01-03 23:00:00,127.66000000000001
2022-01-04 23:00:00,127.23
2022-01-05 23:00:00,127.63999999999997
2022-01-06 23:00:00,127.49999999999999
2022-01-07 23:00:00,127.79
2022-01-10 23:00:00,128.34000000000003
2022-01-11 23:00:00,128.61
2022-01-12 23:00:00,128.62
2022-01-13 23:00:00,128.66000000000003
2022-01-14 23:00:00,128.31
2022-01-17 23:00:00,128.10000000000002
2022-01-18 23:00:00,127.51000000000003
2022-01-19 23:00:00,127.78000000000002
2022-01-20 23:00:00,127.83000000000003
2022-01-21 23:00:00,127.81999999999998
2022-01-24 23:00:00,127.49
2022-01-25 23:00:00,127.18999999999998
2022-01-26 23:00:00,126.99
2022-01-27 23:00:00,126.52000000000001
2022-01-28 23:00:00,126.66
2022-01-31 23:00:00,127.40000000000002
2022-02-01 23:00:00,127.21000000000002
2022-02-02 23:00:00,127.33000000000003
2022-02-03 23:00:00,127.16000000000001
2022-02-04 23:00:00,127.52000000000002
2022-02-07 23:00:00,127.51000000000003
2022-02-08 23:00:00,127.48
2022-02-09 23:00:00,127.44000000000004
2022-02-10 23:00:00,127.15000000000002
2022-02-11 23:00:00,126.68000000000005
2022-02-14 23:00:00,126.16999999999997
2022-02-15 23:00:00,126.74000000000005
2022-02-16 23:00:00,127.05000000000005
2022-02-17 23:00:00,127.15000000000002
2022-02-18 23:00:00,127.89000000000004
2022-02-21 23:00:00,128.07000000000005
2022-02-22 23:00:00,127.71000000000002
2022-02-23 23:00:00,127.98000000000002
2022-02-24 23:00:00,126.03999999999998
2022-02-25 23:00:00,126.71000000000002
2022-02-28 23:00:00,126.75000000000004
2022-03-01 23:00:00,126.2
2022-03-02 23:00:00,126.14999999999999
2022-03-03 23:00:00,125.71999999999998
2022-03-04 23:00:00,125.35999999999997
2022-03-07 23:00:00,123.85000000000001
2022-03-08 23:00:00,124.01
2022-03-09 23:00:00,124.62000000000002
2022-03-10 23:00:00,125.04999999999998
2022-03-11 23:00:00,124.98999999999998
2022-03-14 23:00:00,124.87000000000003
2022-03-15 23:00:00,125.01000000000002
2022-03-16 23:00:00,125.64999999999999
2022-03-17 23:00:00,126.39000000000001
2022-03-18 23:00:00,125.71999999999998
2022-03-21 23:00:00,125.62000000000002
2022-03-22 23:00:00,125.69000000000001
2022-03-23 23:00:00,125.40999999999998
2022-03-24 23:00:00,125.48999999999997
2022-03-25 23:00:00,125.7
2022-03-28 23:00:00,125.83
2022-03-29 23:00:00,126.09999999999998
2022-03-30 23:00:00,126.41
2022-03-31 23:00:00,126.84000000000002
2022-04-01 23:00:00,126.37000000000003
2022-04-04 23:00:00,127.19000000000004
2022-04-05 23:00:00,127.59000000000002
2022-04-06 23:00:00,126.66
2022-04-07 23:00:00,126.52000000000001
2022-04-08 23:00:00,126.65
2022-04-11 23:00:00,126.60999999999999
2022-04-12 23:00:00,126.29999999999998
2022-04-13 23:00:00,126.28
2022-04-14 23:00:00,126.33000000000001
2022-04-15 23:00:00,125.98999999999997
2022-04-18 23:00:00,126.12000000000002
2022-04-19 23:00:00,125.66999999999997
2022-04-20 23:00:00,126.2
2022-04-21 23:00:00,126.33000000000001
2022-04-22 23:00:00,125.96
2022-04-25 23:00:00,125.46999999999998
2022-04-26 23:00:00,125.71999999999998
2022-04-27 23:00:00,125.7
2022-04-28 23:00:00,125.7
2022-04-29 23:00:00,125.95
2022-05-02 23:00:00,125.89999999999999
2022-05-03 23:00:00,125.64
2022-05-04 23:00:00,126.08
2022-05-05 23:00:00,126.25000000000003
2022-05-06 23:00:00,125.27999999999999
2022-05-09 23:00:00,124.38000000000001
2022-05-10 23:00:00,124.64
2022-05-11 23:00:00,124.72
2022-05-12 23:00:00,124.48
2022-05-13 23:00:00,124.56000000000002
2022-05-16 23:00:00,124.01
2022-05-17 23:00:00,124.57000000000001
2022-05-18 23:00:00,124.36999999999999
2022-05-19 23:00:00,124.29
2022-05-20 23:00:00,124.29
2022-05-23 23:00:00,124.52
2022-05-24 23:00:00,124.47000000000001
2022-05-25 23:00:00,124.36999999999999
2022-05-26 23:00:00,124.46
2022-05-27 23:00:00,124.46
2022-05-30 23:00:00,124.54
2022-05-31 23:00:00,124.33
2022-06-01 23:00:00,124.59000000000002
2022-06-02 23:00:00,124.55
2022-06-03 23:00:00,124.51
2022-06-06 23:00:00,124.53000000000002
2022-06-07 23:00:00,124.40000000000002
2022-06-08 23:00:00,124.43000000000002
2022-06-09 23:00:00,124.34000000000002
2022-06-10 23:00:00,124.19000000000003
2022-06-13 23:00:00,123.90000000000002
2022-06-14 23:00:00,124.02000000000002
2022-06-15 23:00:00,123.77000000000002
2022-06-16 23:00:00,123.94000000000003
2022-06-17 23:00:00,123.96000000000002
2022-06-20 23:00:00,124.14000000000003
2022-06-21 23:00:00,123.94000000000003
2022-06-22 23:00:00,123.65000000000002
2022-06-23 23:00:00,123.71000000000002
2022-06-24 23:00:00,123.64000000000003
2022-06-27 23:00:00,123.47000000000003
2022-06-28 23:00:00,122.72000000000003
2022-06-29 23:00:00,122.59000000000003
2022-06-30 23:00:00,122.62000000000003
2022-07-01 23:00:00,122.69000000000003
2022-07-04 23:00:00,122.71000000000002
2022-07-05 23:00:00,122.08000000000003
2022-07-06 23:00:00,122.49000000000002
2022-07-07 23:00:00,122.48000000000002
2022-07-08 23:00:00,122.35000000000002
2022-07-11 23:00:00,122.10000000000002
2022-07-12 23:00:00,121.83000000000001
2022-07-13 23:00:00,121.76000000000002
2022-07-14 23:00:00,121.17000000000002
2022-07-15 23:00:00,121.43000000000002
2022-07-18 23:00:00,121.23000000000002
2022-07-19 23:00:00,121.27000000000001
2022-07-20 23:00:00,121.15000000000002
2022-07-21 23:00:00,121.38000000000002
2022-07-22 23:00:00,121.39000000000001
2022-07-25 23:00:00,121.62000000000002
2022-07-26 23:00:00,121.61000000000001
2022-07-27 23:00:00,121.47000000000001
2022-07-28 23:00:00,121.85000000000002
2022-07-29 23:00:00,122.53000000000002
2022-08-01 23:00:00,122.83000000000001
2022-08-02 23:00:00,123.60000000000002
2022-08-03 23:00:00,122.78000000000002
2022-08-04 23:00:00,122.48000000000002
2022-08-05 23:00:00,122.66000000000001
2022-08-08 23:00:00,122.11000000000001
2022-08-09 23:00:00,122.11000000000001
2022-08-10 23:00:00,122.26
2022-08-11 23:00:00,122.16000000000001
2022-08-12 23:00:00,121.96000000000001
2022-08-15 23:00:00,122.29
2022-08-16 23:00:00,122.55000000000001
2022-08-17 23:00:00,122.44000000000001
2022-08-18 23:00:00,122.13000000000001
2022-08-19 23:00:00,121.79
2022-08-22 23:00:00,121.9
2022-08-23 23:00:00,121.88000000000001
2022-08-24 23:00:00,121.9
2022-08-25 23:00:00,121.88000000000001
2022-08-26 23:00:00,121.95
2022-08-29 23:00:00,121.84
2022-08-30 23:00:00,122.51
2022-08-31 23:00:00,122.51
2022-09-01 23:00:00,122.41000000000001
2022-09-02 23:00:00,121.99000000000001
2022-09-05 23:00:00,122.11000000000001
2022-09-06 23:00:00,122.14
2022-09-07 23:00:00,122.06
2022-09-08 23:00:00,122.4
2022-09-09 23:00:00,122.57000000000001
2022-09-12 23:00:00,122.73
2022-09-13 23:00:00,123.33
2022-09-14 23:00:00,122.89
2022-09-15 23:00:00,122.38000000000001
2022-09-16 23:00:00,122.41
2022-09-19 23:00:00,122.41
2022-09-20 23:00:00,122.5
2022-09-21 23:00:00,122.13000000000001
2022-09-22 23:00:00,120.67
2022-09-23 23:00:00,120.28
2022-09-26 23:00:00,119.39
2022-09-27 23:00:00,119.61
2022-09-28 23:00:00,118.99000000000001
2022-09-29 23:00:00,119.33
2022-09-30 23:00:00,119.8
2022-10-03 23:00:00,119.3
2022-10-04 23:00:00,119.66
2022-10-05 23:00:00,119.73
2022-10-06 23:00:00,118.82000000000001
2022-10-07 23:00:00,118.63000000000001
2022-10-10 23:00:00,118.32000000000001
2022-10-11 23:00:00,118.62
2022-10-12 23:00:00,118.58000000000001
2022-10-13 23:00:00,118.66000000000001
2022-10-14 23:00:00,118.73
2022-10-17 23:00:00,118.67
2022-10-18 23:00:00,118.62
2022-10-19 23:00:00,117.66000000000001
2022-10-20 23:00:00,118.11
2022-10-21 23:00:00,117.99000000000001
2022-10-24 23:00:00,117.99000000000001
2022-10-25 23:00:00,118.06
2022-10-26 23:00:00,119.19000000000001
2022-10-27 23:00:00,118.7
2022-10-28 23:00:00,118.7
2022-10-31 23:00:00,118.18
2022-11-01 23:00:00,118.42
2022-11-02 23:00:00,118.32000000000001
2022-11-03 23:00:00,118.12
2022-11-04 23:00:00,119.08000000000001
2022-11-07 23:00:00,119.64
2022-11-08 23:00:00,120.2
2022-11-09 23:00:00,120.46
2022-11-10 23:00:00,120.07
2022-11-11 23:00:00,121.52
2022-11-14 23:00:00,120.85
2022-11-15 23:00:00,121.27
2022-11-16 23:00:00,120.88
2022-11-17 23:00:00,120.35
2022-11-18 23:00:00,120.28999999999999
2022-11-21 23:00:00,120.06
2022-11-22 23:00:00,120.35
2022-11-23 23:00:00,119.96
2022-11-24 23:00:00,120.35
2022-11-25 23:00:00,120.47
2022-11-28 23:00:00,120.59
2022-11-29 23:00:00,120.44
2022-11-30 23:00:00,120.92999999999999
2022-12-01 23:00:00,121.14
2022-12-02 23:00:00,121.03999999999999
2022-12-05 23:00:00,120.11
2022-12-06 23:00:00,119.42
2022-12-07 23:00:00,119.35
2022-12-08 23:00:00,119.4
2022-12-09 23:00:00,119.59
2022-12-12 23:00:00,119.26
2022-12-13 23:00:00,118.85
2022-12-14 23:00:00,119.41
2022-12-15 23:00:00,119.0
2022-12-16 23:00:00,119.02
2022-12-19 23:00:00,119.14
2022-12-20 23:00:00,118.99
2022-12-21 23:00:00,118.92
2022-12-22 23:00:00,118.97
2022-12-23 23:00:00,118.9
2022-12-26 23:00:00,119.14
2022-12-27 23:00:00,118.91
2022-12-28 23:00:00,118.91
2022-12-29 23:00:00,118.98
2022-12-30 23:00:00,119.17
2023-01-03 23:00:00,118.8
2023-01-04 23:00:00,119.05
2023-01-05 23:00:00,119.61
2023-01-06 23:00:00,119.26
2023-01-09 23:00:00,119.76
2023-01-10 23:00:00,120.7
2023-01-11 23:00:00,121.01
2023-01-12 23:00:00,121.06
2023-01-13 23:00:00,121.23
2023-01-16 23:00:00,120.98
2023-01-17 23:00:00,120.68
2023-01-18 23:00:00,121.41
2023-01-19 23:00:00,121.28
2023-01-20 23:00:00,121.62
2023-01-23 23:00:00,121.24
2023-01-24 23:00:00,120.94
2023-01-25 23:00:00,121.03
2023-01-26 23:00:00,121.12
2023-01-27 23:00:00,121.07000000000001
2023-01-30 23:00:00,121.16
2023-01-31 23:00:00,120.57000000000001
2023-02-01 23:00:00,120.60000000000001
2023-02-02 23:00:00,120.2
2023-02-03 23:00:00,120.19
2023-02-06 23:00:00,119.36
2023-02-07 23:00:00,119.44
2023-02-08 23:00:00,119.77
2023-02-09 23:00:00,119.72
2023-02-10 23:00:00,119.69
2023-02-13 23:00:00,119.55
2023-02-14 23:00:00,119.41
2023-02-15 23:00:00,119.32000000000001
2023-02-16 23:00:00,119.57000000000001
2023-02-17 23:00:00,119.39
2023-02-20 23:00:00,119.55
2023-02-21 23:00:00,119.44
2023-02-22 23:00:00,119.32000000000001
2023-02-23 23:00:00,119.55
2023-02-24 23:00:00,119.57000000000001
2023-02-27 23:00:00,119.55
2023-02-28 23:00:00,119.84
2023-03-01 23:00:00,120.02
2023-03-02 23:00:00,119.86
2023-03-03 23:00:00,120.82000000000001
2023-03-06 23:00:00,120.88
2023-03-07 23:00:00,121.14999999999999
2023-03-08 23:00:00,120.75999999999999
2023-03-09 23:00:00,120.8
2023-03-10 23:00:00,120.72999999999999
2023-03-13 23:00:00,120.58
2023-03-14 23:00:00,120.17999999999999
2023-03-15 23:00:00,119.64
2023-03-16 23:00:00,119.64999999999999
2023-03-17 23:00:00,120.03
2023-03-20 23:00:00,120.0
2023-03-21 23:00:00,119.92
2023-03-22 23:00:00,119.92
2023-03-23 23:00:00,120.57
2023-03-24 23:00:00,120.31
2023-03-27 23:00:00,120.42
2023-03-28 23:00:00,120.75999999999999
2023-03-29 23:00:00,120.58999999999999
2023-03-30 23:00:00,120.83999999999999
2023-03-31 23:00:00,120.74
2023-04-03 23:00:00,120.61
2023-04-04 23:00:00,120.81
2023-04-05 23:00:00,121.07
2023-04-06 23:00:00,121.27
2023-04-07 23:00:00,121.33999999999999
2023-04-10 23:00:00,121.16
2023-04-11 23:00:00,120.97999999999999
2023-04-12 23:00:00,121.05
2023-04-13 23:00:00,121.42
2023-04-14 23:00:00,121.67
2023-04-17 23:00:00,121.24
2023-04-18 23:00:00,121.17999999999999
2023-04-19 23:00:00,120.83999999999999
2023-04-20 23:00:00,121.03999999999999
2023-04-21 23:00:00,121.17
2023-04-24 23:00:00,121.41
2023-04-25 23:00:00,121.39
2023-04-26 23:00:00,121.63
2023-04-27 23:00:00,121.63
2023-04-28 23:00:00,121.64
2023-05-01 23:00:00,121.72
2023-05-02 23:00:00,121.53
2023-05-03 23:00:00,121.64999999999999
2023-05-04 23:00:00,121.75
2023-05-05 23:00:00,121.78
2023-05-08 23:00:00,121.71000000000001
2023-05-09 23:00:00,121.28
2023-05-10 23:00:00,121.33
2023-05-11 23:00:00,121.25
2023-05-12 23:00:00,121.14
2023-05-15 23:00:00,121.05
2023-05-16 23:00:00,121.13000000000001
2023-05-17 23:00:00,120.91
2023-05-18 23:00:00,120.55
2023-05-19 23:00:00,120.41
2023-05-20 23:00:00,120.42
2023-05-22 23:00:00,120.28
2023-05-23 23:00:00,120.24
2023-05-24 23:00:00,120.41
2023-05-25 23:00:00,120.35
2023-05-26 23:00:00,120.56
2023-05-27 23:00:00,120.55
2023-05-29 23:00:00,120.58
2023-05-30 23:00:00,120.50999999999999
2023-05-31 23:00:00,120.44999999999999
2023-06-01 23:00:00,120.92999999999999
2023-06-02 23:00:00,121.1
2023-06-03 23:00:00,120.99
2023-06-05 23:00:00,120.61
2023-06-06 23:00:00,120.69999999999999
2023-06-07 23:00:00,120.83999999999999
2023-06-08 23:00:00,120.83
2023-06-09 23:00:00,120.94
2023-06-10 23:00:00,120.97999999999999
2023-06-12 23:00:00,121.0
2023-06-13 23:00:00,121.11999999999999
2023-06-14 23:00:00,121.57
2023-06-15 12:50:00,121.3
2023-06-15 13:00:00,121.44
2023-06-15 14:00:00,121.74
2023-06-15 15:00:00,121.72
2023-06-15 16:00:00,121.77
2023-06-15 17:00:00,121.8
2023-06-15 18:00:00,121.83999999999999
2023-06-15 19:00:00,121.86
2023-06-15 20:00:00,121.88
2023-06-15 21:00:00,121.86
2023-06-15 22:00:00,121.86
2023-06-15 23:00:00,121.39999999999999
2023-06-16 00:25:00,121.83
2023-06-16 01:00:00,121.83
2023-06-16 02:00:00,121.77
2023-06-16 03:00:00,121.77
2023-06-16 04:00:00,121.72
2023-06-16 05:00:00,121.78
2023-06-16 06:00:00,121.86
2023-06-16 07:00:00,121.83999999999999
2023-06-16 08:00:00,121.78999999999999
2023-06-16 09:00:00,121.86999999999999
2023-06-16 10:00:00,121.78999999999999
2023-06-16 11:00:00,121.78999999999999
2023-06-16 12:00:00,121.8
2023-06-16 12:50:00,121.83
2023-06-16 13:00:00,121.81
2023-06-16 14:00:00,121.8
2023-06-16 15:00:00,121.8
2023-06-16 16:00:00,121.78
2023-06-16 17:00:00,121.81
2023-06-16 18:00:00,121.83999999999999
2023-06-16 19:00:00,121.82
2023-06-16 20:00:00,121.82
2023-06-16 21:00:00,121.8
2023-06-16 22:00:00,121.8
2023-06-16 23:00:00,121.8
2023-06-17 23:00:00,121.8
2023-06-19 00:25:00,121.85
2023-06-19 01:00:00,121.82
2023-06-19 02:00:00,121.78
2023-06-19 03:00:00,121.75
2023-06-19 04:00:00,121.74
2023-06-19 05:00:00,121.72
2023-06-19 06:00:00,121.74
2023-06-19 07:00:00,121.75
2023-06-19 08:00:00,121.77
2023-06-19 09:00:00,121.83
2023-06-19 10:00:00,121.8
2023-06-19 11:00:00,121.82
2023-06-19 12:00:00,121.78999999999999
2023-06-19 12:50:00,121.78
2023-06-19 13:00:00,121.78
2023-06-19 14:00:00,121.81
2023-06-19 15:00:00,121.83999999999999
2023-06-19 16:00:00,121.81
2023-06-19 17:00:00,121.8
2023-06-19 18:00:00,121.82
2023-06-19 19:00:00,121.83
2023-06-19 20:00:00,121.81
2023-06-19 21:00:00,121.81
2023-06-19 22:00:00,121.81
2023-06-19 23:00:00,121.8
2023-06-20 01:00:00,121.78
2023-06-20 02:00:00,121.72999999999999
2023-06-20 03:00:00,121.74
2023-06-20 04:00:00,121.57
2023-06-20 05:00:00,121.47999999999999
2023-06-20 06:00:00,121.53999999999999
2023-06-20 07:00:00,121.53
2023-06-20 08:00:00,121.57
2023-06-20 09:00:00,121.55
2023-06-20 10:00:00,121.55
2023-06-20 11:00:00,121.55
2023-06-20 12:00:00,121.57
2023-06-20 12:50:00,121.55
2023-06-20 13:00:00,121.58
2023-06-20 14:00:00,121.64
2023-06-20 15:00:00,121.64999999999999
2023-06-20 16:00:00,121.66
2023-06-20 17:00:00,121.69999999999999
2023-06-20 18:00:00,121.72
2023-06-20 19:00:00,121.74
2023-06-20 20:00:00,121.71
2023-06-20 21:00:00,121.72
2023-06-20 22:00:00,121.72
2023-06-20 23:00:00,121.57
2023-06-21 00:25:00,121.75
2023-06-21 01:00:00,121.77
2023-06-21 02:00:00,121.64
2023-06-21 03:00:00,121.6
2023-06-21 04:00:00,121.6
2023-06-21 05:00:00,121.6
2023-06-21 06:00:00,121.61999999999999
2023-06-21 07:00:00,121.61999999999999
2023-06-21 08:00:00,121.69999999999999
2023-06-21 09:00:00,121.71
2023-06-21 10:00:00,121.67
2023-06-21 11:00:00,121.71
2023-06-21 12:00:00,121.71
2023-06-21 12:50:00,121.72
2023-06-21 13:00:00,121.69
2023-06-21 14:00:00,121.69999999999999
2023-06-21 15:00:00,121.72
2023-06-21 16:00:00,121.74
2023-06-21 17:00:00,121.78
2023-06-21 18:00:00,121.78
2023-06-21 19:00:00,121.81
2023-06-21 20:00:00,121.83
2023-06-21 21:00:00,121.83
2023-06-21 22:00:00,121.83
2023-06-21 23:00:00,121.71
2023-06-22 00:25:00,121.78999999999999
2023-06-22 01:00:00,121.74
2023-06-22 02:00:00,121.75999999999999
2023-06-22 03:00:00,121.8
2023-06-22 04:00:00,121.83
2023-06-22 05:00:00,121.8
2023-06-22 06:00:00,121.83
2023-06-22 07:00:00,121.83
2023-06-22 08:00:00,121.83999999999999
2023-06-22 09:00:00,121.85
2023-06-22 10:00:00,121.78999999999999
2023-06-22 11:00:00,121.75999999999999
2023-06-22 12:00:00,121.77
2023-06-22 12:50:00,121.82
2023-06-22 13:00:00,121.77
2023-06-22 14:00:00,121.81
2023-06-22 15:00:00,121.81
2023-06-22 16:00:00,121.8
2023-06-22 17:00:00,121.8
2023-06-22 18:00:00,121.8
2023-06-22 19:00:00,121.78999999999999
2023-06-22 20:00:00,121.85
2023-06-22 21:00:00,121.82
2023-06-22 22:00:00,121.82
2023-06-22 23:00:00,121.77
2023-06-23 00:25:00,121.83
2023-06-23 01:00:00,121.75
2023-06-23 02:00:00,121.75999999999999
2023-06-23 03:00:00,121.71
2023-06-23 04:00:00,121.67
2023-06-23 05:00:00,121.67999999999999
2023-06-23 06:00:00,121.64999999999999
2023-06-23 07:00:00,121.67
2023-06-23 08:00:00,121.67
2023-06-23 09:00:00,121.64999999999999
2023-06-23 10:00:00,121.67999999999999
2023-06-23 11:00:00,121.72
2023-06-23 12:00:00,121.75999999999999
2023-06-23 12:50:00,121.75
2023-06-23 13:00:00,121.78999999999999
2023-06-23 14:00:00,121.72
2023-06-23 15:00:00,121.67
2023-06-23 16:00:00,121.75
2023-06-23 17:00:00,121.75999999999999
2023-06-23 18:00:00,121.75999999999999
2023-06-23 19:00:00,121.78
2023-06-23 20:00:00,121.82
2023-06-23 21:00:00,121.81
2023-06-23 22:00:00,121.81
2023-06-23 23:00:00,121.78
2023-06-24 23:00:00,121.81
2023-06-26 00:25:00,121.78999999999999
2023-06-26 01:00:00,121.78999999999999
2023-06-26 02:00:00,121.74
2023-06-26 03:00:00,121.72
2023-06-26 04:00:00,121.8
2023-06-26 05:00:00,121.8
2023-06-26 06:00:00,121.77
2023-06-26 07:00:00,121.69999999999999
2023-06-26 08:00:00,121.69999999999999
2023-06-26 09:00:00,121.71
2023-06-26 10:00:00,121.66
2023-06-26 11:00:00,121.67
2023-06-26 12:00:00,121.67
2023-06-26 12:50:00,121.67
2023-06-26 13:00:00,121.69999999999999
2023-06-26 14:00:00,121.72999999999999
2023-06-26 15:00:00,121.69
2023-06-26 16:00:00,121.69
2023-06-26 17:00:00,121.72
2023-06-26 18:00:00,121.72
2023-06-26 19:00:00,121.74
2023-06-26 20:00:00,121.72
2023-06-26 21:00:00,121.74
2023-06-26 22:00:00,121.74
2023-06-26 23:00:00,121.50999999999999
2023-06-27 00:25:00,121.74
2023-06-27 01:00:00,121.72999999999999
2023-06-27 02:00:00,121.77
2023-06-27 03:00:00,121.75999999999999
2023-06-27 04:00:00,121.77
2023-06-27 05:00:00,121.78
2023-06-27 06:00:00,121.78
2023-06-27 07:00:00,121.78
2023-06-27 08:00:00,121.69999999999999
2023-06-27 09:00:00,121.67999999999999
2023-06-27 10:00:00,121.67
2023-06-27 11:00:00,121.67999999999999
2023-06-27 12:00:00,121.69999999999999
2023-06-27 12:50:00,121.71
2023-06-27 13:00:00,121.75
2023-06-27 14:00:00,121.74
2023-06-27 15:00:00,121.74
2023-06-27 16:00:00,121.72999999999999
2023-06-27 17:00:00,121.74
2023-06-27 18:00:00,121.72
2023-06-27 19:00:00,121.71
2023-06-27 20:00:00,121.72999999999999
2023-06-27 21:00:00,121.67
2023-06-27 22:00:00,121.67
2023-06-27 23:00:00,121.67999999999999
2023-06-28 01:00:00,121.74
2023-06-28 02:00:00,121.67
2023-06-28 03:00:00,121.71
2023-06-28 04:00:00,121.74
2023-06-28 05:00:00,121.71
2023-06-28 06:00:00,121.74
2023-06-28 07:00:00,121.64
2023-06-28 08:00:00,121.66
2023-06-28 09:00:00,121.67
2023-06-28 10:00:00,121.61
2023-06-28 11:00:00,121.64999999999999
2023-06-28 12:00:00,121.67
2023-06-28 12:50:00,121.64999999999999
2023-06-28 13:00:00,121.63
2023-06-28 14:00:00,121.69
2023-06-28 15:00:00,121.63
2023-06-28 16:00:00,121.69
2023-06-28 17:00:00,121.66
2023-06-28 18:00:00,121.66
2023-06-28 19:00:00,121.67999999999999
2023-06-28 20:00:00,121.69999999999999
2023-06-28 21:00:00,121.75
2023-06-28 22:00:00,121.75
2023-06-28 23:00:00,121.67
2023-06-29 00:25:00,121.71
2023-06-29 01:00:00,121.74
2023-06-29 02:00:00,121.72999999999999
2023-06-29 03:00:00,121.67999999999999
2023-06-29 04:00:00,121.69
2023-06-29 05:00:00,121.67
2023-06-29 06:00:00,121.64
2023-06-29 07:00:00,121.63
2023-06-29 08:00:00,121.64
2023-06-29 09:00:00,121.66
2023-06-29 10:00:00,121.66
2023-06-29 11:00:00,121.72
2023-06-29 12:00:00,121.69999999999999
2023-06-29 12:50:00,121.69
2023-06-29 13:00:00,121.61999999999999
2023-06-29 14:00:00,121.57
2023-06-29 15:00:00,121.58
2023-06-29 16:00:00,121.61
2023-06-29 17:00:00,121.57
2023-06-29 18:00:00,121.57
2023-06-29 19:00:00,121.58999999999999
2023-06-29 20:00:00,121.6
2023-06-29 21:00:00,121.69999999999999
2023-06-29 22:00:00,121.69999999999999
2023-06-29 23:00:00,121.67999999999999
2023-06-30 01:00:00,121.64
2023-06-30 02:00:00,121.58999999999999
2023-06-30 03:00:00,121.64
2023-06-30 04:00:00,121.69
2023-06-30 05:00:00,121.66
2023-06-30 06:00:00,121.64
2023-06-30 07:00:00,121.64999999999999
2023-06-30 08:00:00,121.67
2023-06-30 09:00:00,121.66
2023-06-30 10:00:00,121.64999999999999
2023-06-30 11:00:00,121.61
2023-06-30 12:00:00,121.58
2023-06-30 12:50:00,121.58
2023-06-30 13:00:00,121.66
2023-06-30 14:00:00,121.69999999999999
2023-06-30 15:00:00,121.66
2023-06-30 16:00:00,121.64999999999999
2023-06-30 17:00:00,121.66
2023-06-30 18:00:00,121.64999999999999
2023-06-30 19:00:00,121.61999999999999
2023-06-30 20:00:00,121.6
2023-06-30 21:00:00,121.58
2023-06-30 22:00:00,121.58
2023-06-30 23:00:00,121.56
2023-07-01 23:00:00,121.58
2023-07-03 00:25:00,121.61
2023-07-03 01:00:00,121.6
2023-07-03 02:00:00,121.67
2023-07-03 03:00:00,121.67
2023-07-03 04:00:00,122.00999999999999
2023-07-03 05:00:00,121.99
2023-07-03 06:00:00,121.94999999999999
2023-07-03 07:00:00,121.97
2023-07-03 08:00:00,121.85
2023-07-03 09:00:00,121.86
2023-07-03 10:00:00,121.8
2023-07-03 11:00:00,121.83
2023-07-03 12:00:00,121.83
2023-07-03 12:50:00,121.78999999999999
2023-07-03 13:00:00,121.83
2023-07-03 14:00:00,121.83
2023-07-03 15:00:00,121.83999999999999
2023-07-03 16:00:00,121.83
2023-07-03 17:00:00,121.82
2023-07-03 18:00:00,121.8
2023-07-03 19:00:00,121.81
2023-07-03 20:00:00,121.78999999999999
2023-07-03 21:00:00,121.78
2023-07-03 22:00:00,121.78
2023-07-03 23:00:00,121.83
2023-07-04 00:25:00,121.8
2023-07-04 01:00:00,121.83999999999999
2023-07-04 02:00:00,121.89999999999999
2023-07-04 03:00:00,121.86
2023-07-04 04:00:00,121.89
2023-07-04 05:00:00,121.82
2023-07-04 06:00:00,121.78
2023-07-04 07:00:00,121.83999999999999
2023-07-04 08:00:00,121.78999999999999
2023-07-04 09:00:00,121.74
2023-07-04 10:00:00,121.69999999999999
2023-07-04 11:00:00,121.71
2023-07-04 12:00:00,121.72
2023-07-04 12:50:00,121.72999999999999
2023-07-04 13:00:00,121.75999999999999
2023-07-04 14:00:00,121.78999999999999
2023-07-04 15:00:00,121.78999999999999
2023-07-04 16:00:00,121.75
2023-07-04 17:00:00,121.74
2023-07-04 18:00:00,121.72
2023-07-04 19:00:00,121.72999999999999
2023-07-04 20:00:00,121.77
2023-07-04 21:00:00,121.61999999999999
2023-07-04 22:00:00,121.61999999999999
2023-07-04 23:00:00,121.72
2023-07-05 01:00:00,121.82
2023-07-05 02:00:00,121.69
2023-07-05 03:00:00,121.72999999999999
2023-07-05 04:00:00,121.63
2023-07-05 05:00:00,121.53
2023-07-05 06:00:00,121.52
2023-07-05 07:00:00,121.47999999999999
2023-07-05 08:00:00,121.47999999999999
2023-07-05 09:00:00,121.42
2023-07-05 10:00:00,121.41
2023-07-05 11:00:00,121.32
2023-07-05 12:00:00,121.35
2023-07-05 12:50:00,121.33
2023-07-05 13:00:00,121.41
2023-07-05 14:00:00,121.39
2023-07-05 15:00:00,121.25999999999999
2023-07-05 16:00:00,121.25
2023-07-05 17:00:00,121.24
2023-07-05 18:00:00,121.22999999999999
2023-07-05 19:00:00,121.19
2023-07-05 20:00:00,121.16
2023-07-05 21:00:00,121.14
2023-07-05 22:00:00,121.13
2023-07-05 23:00:00,121.32
2023-07-06 00:25:00,121.14999999999999
2023-07-06 01:00:00,121.19
2023-07-06 02:00:00,121.22
2023-07-06 03:00:00,121.24
2023-07-06 04:00:00,121.12
2023-07-06 05:00:00,121.06
2023-07-06 06:00:00,121.07
2023-07-06 07:00:00,121.07
2023-07-06 08:00:00,120.96
2023-07-06 09:00:00,120.96
2023-07-06 10:00:00,120.97
2023-07-06 11:00:00,121.08
2023-07-06 12:00:00,121.06
2023-07-06 12:50:00,121.13
2023-07-06 13:00:00,120.85
2023-07-06 14:00:00,120.78
2023-07-06 15:00:00,120.63
2023-07-06 16:00:00,120.59
2023-07-06 17:00:00,120.64
2023-07-06 18:00:00,120.63
2023-07-06 19:00:00,120.64
2023-07-06 20:00:00,120.63
2023-07-06 21:00:00,120.66
2023-07-06 22:00:00,120.66
2023-07-06 23:00:00,121.06
2023-07-07 01:00:00,120.62
2023-07-07 02:00:00,120.67
2023-07-07 03:00:00,120.67
2023-07-07 04:00:00,120.77
2023-07-07 05:00:00,120.77
2023-07-07 06:00:00,120.72
2023-07-07 07:00:00,120.68
2023-07-07 08:00:00,120.65
2023-07-07 09:00:00,120.63
2023-07-07 10:00:00,120.62
2023-07-07 11:00:00,120.62
2023-07-07 12:00:00,120.65
2023-07-07 12:50:00,120.69
2023-07-07 13:00:00,120.78
2023-07-07 14:00:00,120.86
2023-07-07 15:00:00,120.87
2023-07-07 16:00:00,120.83
2023-07-07 17:00:00,120.87
2023-07-07 18:00:00,120.84
2023-07-07 19:00:00,120.85
2023-07-07 20:00:00,120.83
2023-07-07 21:00:00,120.83
2023-07-07 22:00:00,120.83
2023-07-07 23:00:00,120.65
2023-07-08 23:00:00,120.83
2023-07-10 04:00:00,120.89
2023-07-10 05:00:00,120.87
2023-07-10 06:00:00,120.81
2023-07-10 07:00:00,120.83
2023-07-10 08:00:00,120.81
2023-07-10 09:00:00,120.82
2023-07-10 10:00:00,120.87
2023-07-10 11:00:00,120.87
2023-07-10 12:00:00,120.9
2023-07-10 12:50:00,120.86
2023-07-10 13:00:00,120.82
2023-07-10 14:00:00,120.86
2023-07-10 15:00:00,120.88
2023-07-10 16:00:00,120.87
2023-07-10 17:00:00,120.94
2023-07-10 18:00:00,120.94
2023-07-10 19:00:00,120.97
2023-07-10 20:00:00,120.98
2023-07-10 21:00:00,120.98
2023-07-10 22:00:00,120.98
2023-07-10 23:00:00,120.88
2023-07-11 02:00:00,120.92
2023-07-11 03:00:00,121.08
2023-07-11 04:00:00,121.2
2023-07-11 05:00:00,121.24
2023-07-11 06:00:00,121.16
2023-07-11 07:00:00,121.24
2023-07-11 08:00:00,121.19
2023-07-11 09:00:00,121.12
2023-07-11 10:00:00,121.2
2023-07-11 11:00:00,121.15
2023-07-11 12:00:00,121.14
2023-07-11 12:50:00,121.13
2023-07-11 13:00:00,121.09
2023-07-11 14:00:00,121.11
2023-07-11 15:00:00,121.14
2023-07-11 16:00:00,121.17
2023-07-11 17:00:00,121.15
2023-07-11 18:00:00,121.14
2023-07-11 19:00:00,121.16
2023-07-11 20:00:00,121.16
2023-07-11 21:00:00,121.16
2023-07-11 22:00:00,121.16
2023-07-11 23:00:00,121.14
2023-07-12 02:00:00,121.21
2023-07-12 03:00:00,121.21
2023-07-12 04:00:00,121.32
2023-07-12 05:00:00,121.31
2023-07-12 06:00:00,121.28
2023-07-12 07:00:00,121.33
2023-07-12 08:00:00,121.33
2023-07-12 09:00:00,121.3
2023-07-12 10:00:00,121.37
2023-07-12 11:00:00,121.34
2023-07-12 12:00:00,121.34
2023-07-12 12:50:00,121.34
2023-07-12 13:00:00,121.48
2023-07-12 14:00:00,121.69
2023-07-12 15:00:00,121.8
2023-07-12 16:00:00,121.72
2023-07-12 17:00:00,121.74
2023-07-12 18:00:00,121.67
2023-07-12 19:00:00,121.72
2023-07-12 20:00:00,121.78
2023-07-12 21:00:00,121.78
2023-07-12 22:00:00,121.78
2023-07-12 23:00:00,121.34
2023-07-13 02:00:00,121.7
2023-07-13 03:00:00,121.7
2023-07-13 04:00:00,121.82
2023-07-13 05:00:00,121.74
2023-07-13 06:00:00,121.6
2023-07-13 07:00:00,121.65
2023-07-13 08:00:00,121.62
2023-07-13 09:00:00,121.65
2023-07-13 10:00:00,121.66
2023-07-13 11:00:00,121.63
2023-07-13 12:00:00,121.63
2023-07-13 12:50:00,121.65
2023-07-13 13:00:00,121.63
2023-07-13 14:00:00,121.65
2023-07-13 15:00:00,121.74
2023-07-13 16:00:00,121.68
2023-07-13 17:00:00,121.72
2023-07-13 18:00:00,121.72
2023-07-13 19:00:00,121.74
2023-07-13 20:00:00,121.78
2023-07-13 21:00:00,121.77
2023-07-13 22:00:00,121.77
2023-07-13 23:00:00,121.63
2023-07-14 02:00:00,121.74
2023-07-14 03:00:00,121.78
2023-07-14 04:00:00,121.75
2023-07-14 05:00:00,121.72
2023-07-14 06:00:00,121.67
2023-07-14 07:00:00,121.6
2023-07-14 08:00:00,121.62
2023-07-14 09:00:00,121.58
2023-07-14 10:00:00,121.51
2023-07-14 11:00:00,121.51
2023-07-14 12:00:00,121.53
2023-07-14 12:50:00,121.51
2023-07-14 13:00:00,121.52
2023-07-14 14:00:00,121.55
2023-07-14 15:00:00,121.55
2023-07-14 16:00:00,121.62
2023-07-14 17:00:00,121.6
2023-07-14 18:00:00,121.62
2023-07-14 19:00:00,121.64
2023-07-14 20:00:00,121.63
2023-07-14 21:00:00,121.63
2023-07-14 22:00:00,121.63
2023-07-14 23:00:00,121.53
2023-07-15 23:00:00,121.63
2023-07-17 02:00:00,121.55
2023-07-17 03:00:00,121.55
2023-07-17 04:00:00,121.52
2023-07-17 05:00:00,121.55
2023-07-17 06:00:00,121.51
2023-07-17 07:00:00,121.57
2023-07-17 08:00:00,121.66
2023-07-17 09:00:00,121.7
2023-07-17 10:00:00,121.67
2023-07-17 11:00:00,121.7
2023-07-17 12:00:00,121.7
2023-07-17 12:50:00,121.71
2023-07-17 13:00:00,121.72
2023-07-17 14:00:00,121.69
2023-07-17 15:00:00,121.72
2023-07-17 16:00:00,121.72
2023-07-17 17:00:00,121.73
2023-07-17 18:00:00,121.73
2023-07-17 19:00:00,121.73
2023-07-17 20:00:00,121.72
2023-07-17 23:00:00,121.69
2023-07-18 01:00:00,121.73
2023-07-18 02:00:00,121.77
2023-07-18 03:00:00,121.77
2023-07-18 04:00:00,121.79
2023-07-18 05:00:00,121.7
2023-07-18 06:00:00,121.74
2023-07-18 07:00:00,121.77
2023-07-18 08:00:00,121.8
2023-07-18 09:00:00,121.76
2023-07-18 10:00:00,121.76
2023-07-18 11:00:00,121.74
2023-07-18 12:00:00,121.74
2023-07-18 12:50:00,121.74
2023-07-18 13:00:00,121.72
2023-07-18 14:00:00,121.71
2023-07-18 15:00:00,121.75
2023-07-18 16:00:00,121.74
2023-07-18 17:00:00,121.69
2023-07-18 18:00:00,121.65
2023-07-18 19:00:00,121.65
2023-07-18 20:00:00,121.7
2023-07-18 21:00:00,121.7
2023-07-18 23:00:00,121.74
2023-07-19 01:00:00,121.74
2023-07-19 02:00:00,121.68
2023-07-19 03:00:00,121.66
2023-07-19 04:00:00,121.68
2023-07-19 05:00:00,121.67
2023-07-19 06:00:00,121.68
2023-07-19 07:00:00,121.64
2023-07-19 08:00:00,121.62
2023-07-19 09:00:00,121.6
2023-07-19 10:00:00,121.64
2023-07-19 11:00:00,121.63
2023-07-19 12:00:00,121.64
2023-07-19 12:50:00,121.65
2023-07-19 13:00:00,121.66
2023-07-19 14:00:00,121.75
2023-07-19 15:00:00,121.72
2023-07-19 16:00:00,121.7
2023-07-19 17:00:00,121.7
2023-07-19 18:00:00,121.69
2023-07-19 19:00:00,121.7
2023-07-19 20:00:00,121.72
2023-07-19 23:00:00,121.64
2023-07-20 02:00:00,121.81
2023-07-20 03:00:00,121.81
2023-07-20 04:00:00,121.77
2023-07-20 05:00:00,121.76
2023-07-20 06:00:00,121.76
2023-07-20 07:00:00,121.75
2023-07-20 08:00:00,121.75
2023-07-20 09:00:00,121.76
2023-07-20 10:00:00,121.84
2023-07-20 11:00:00,121.84
2023-07-20 12:00:00,121.92
2023-07-20 12:50:00,121.92
2023-07-20 13:00:00,121.88
2023-07-20 14:00:00,121.85
2023-07-20 15:00:00,121.77
2023-07-20 16:00:00,121.72
2023-07-20 17:00:00,121.75
2023-07-20 18:00:00,121.74
2023-07-20 19:00:00,121.74
2023-07-20 20:00:00,121.74
2023-07-20 22:00:00,121.8
2023-07-20 23:00:00,121.91
2023-07-21 01:00:00,121.74
2023-07-21 02:00:00,121.78
2023-07-21 03:00:00,121.77
2023-07-21 04:00:00,121.77
2023-07-21 05:00:00,121.81
2023-07-21 06:00:00,121.78
2023-07-21 07:00:00,121.8
2023-07-21 08:00:00,121.82
2023-07-21 09:00:00,121.82
2023-07-21 10:00:00,121.89
2023-07-21 11:00:00,121.87
2023-07-21 12:00:00,121.86
2023-07-21 12:50:00,121.88
2023-07-21 13:00:00,121.88
2023-07-21 14:00:00,121.79
2023-07-21 15:00:00,121.77
2023-07-21 16:00:00,121.77
2023-07-21 17:00:00,121.82
2023-07-21 18:00:00,121.8
2023-07-21 19:00:00,121.82
2023-07-21 20:00:00,121.87
2023-07-21 21:00:00,121.89
2023-07-21 22:00:00,121.89
2023-07-21 23:00:00,121.86
2023-07-22 23:00:00,121.89
2023-07-24 02:00:00,121.82
2023-07-24 03:00:00,121.81
2023-07-24 04:00:00,121.79
2023-07-24 05:00:00,121.85
2023-07-24 06:00:00,121.95
2023-07-24 07:00:00,121.95
2023-07-24 08:00:00,121.97
2023-07-24 09:00:00,122.01
2023-07-24 10:00:00,122.1
2023-07-24 11:00:00,122.09
2023-07-24 12:00:00,122.11
2023-07-24 12:50:00,122.12
2023-07-24 13:00:00,122.13
2023-07-24 14:00:00,122.09
2023-07-24 15:00:00,122.14
2023-07-24 16:00:00,122.13
2023-07-24 17:00:00,122.13
2023-07-24 18:00:00,122.12
2023-07-24 19:00:00,122.16
2023-07-24 20:00:00,122.1
2023-07-24 21:00:00,122.12
2023-07-24 22:00:00,122.12
2023-07-24 23:00:00,122.11
2023-07-25 00:25:00,122.17
2023-07-25 01:00:00,122.16
2023-07-25 02:00:00,122.12
2023-07-25 03:00:00,122.21
2023-07-25 04:00:00,122.3
2023-07-25 05:00:00,122.21
2023-07-25 06:00:00,122.22
2023-07-25 07:00:00,122.14
2023-07-25 08:00:00,122.1
2023-07-25 09:00:00,122.08
2023-07-25 10:00:00,122.02
2023-07-25 11:00:00,122.02
2023-07-25 12:00:00,122.01
2023-07-25 12:50:00,122.08
2023-07-25 13:00:00,122.07
2023-07-25 14:00:00,122.04
2023-07-25 15:00:00,121.99
2023-07-25 16:00:00,122.04
2023-07-25 17:00:00,122.01
2023-07-25 18:00:00,122.06
2023-07-25 19:00:00,122.04
2023-07-25 20:00:00,122.01
2023-07-25 21:00:00,122.0
2023-07-25 22:00:00,122.0
2023-07-25 23:00:00,122.03
2023-07-26 01:00:00,122.03
2023-07-26 02:00:00,122.01
2023-07-26 03:00:00,121.96
2023-07-26 04:00:00,121.92
2023-07-26 05:00:00,121.82
2023-07-26 06:00:00,121.87
2023-07-26 07:00:00,121.85
2023-07-26 08:00:00,121.82
2023-07-26 09:00:00,121.82
2023-07-26 10:00:00,121.84
2023-07-26 11:00:00,121.83
2023-07-26 12:00:00,121.83
2023-07-26 12:50:00,121.8
2023-07-26 13:00:00,121.79
2023-07-26 14:00:00,121.79
2023-07-26 15:00:00,121.84
2023-07-26 16:00:00,121.84
2023-07-26 17:00:00,121.82
2023-07-26 18:00:00,121.88
2023-07-26 19:00:00,121.95
2023-07-26 20:00:00,121.96
2023-07-26 21:00:00,121.93
2023-07-26 23:00:00,121.83
2023-07-27 00:25:00,121.8
2023-07-27 01:00:00,121.9
2023-07-27 02:00:00,121.96
2023-07-27 03:00:00,121.93
2023-07-27 04:00:00,121.94
2023-07-27 05:00:00,121.82
2023-07-27 06:00:00,121.84
2023-07-27 07:00:00,121.87
2023-07-27 08:00:00,121.93
2023-07-27 09:00:00,121.96
2023-07-27 10:00:00,121.95
2023-07-27 11:00:00,121.95
2023-07-27 12:00:00,122.01
2023-07-27 12:50:00,121.98
2023-07-27 13:00:00,121.95
2023-07-27 14:00:00,121.83
2023-07-27 15:00:00,121.58
2023-07-27 16:00:00,121.61
2023-07-27 17:00:00,121.59
2023-07-27 18:00:00,121.59
2023-07-27 19:00:00,121.58
2023-07-27 20:00:00,121.33
2023-07-27 21:00:00,121.46
2023-07-27 23:00:00,121.97
2023-07-28 01:00:00,121.58
2023-07-28 02:00:00,121.48
2023-07-28 03:00:00,121.49
2023-07-28 04:00:00,121.52
2023-07-28 05:00:00,121.39
2023-07-28 06:00:00,121.42
2023-07-28 07:00:00,121.43
2023-07-28 08:00:00,121.38
2023-07-28 09:00:00,121.46
2023-07-28 10:00:00,121.45
2023-07-28 11:00:00,121.45
2023-07-28 12:00:00,121.56
2023-07-28 12:50:00,121.53
2023-07-28 13:00:00,121.54
