num_instruments,window,mse_monthly,sharpe_ratio
3,10,4.3991979348194145e-07,0.6394990855418483
3,10,4.3991979348194145e-07,0.6394990855418483
3,10,4.3991979348194145e-07,0.6394990855418483
3,10,4.3991979348194145e-07,0.6394990855418483
3,20,8.49756067814213e-07,0.6882182054485315
3,20,8.49756067814213e-07,0.6882182054485315
3,20,8.49756067814213e-07,0.6882182054485315
3,20,8.49756067814213e-07,0.6882182054485315
3,30,1.0510260487714973e-06,0.7496750988277835
3,30,1.0510260487714973e-06,0.7496750988277835
3,30,1.0510260487714973e-06,0.7496750988277835
3,30,1.0510260487714973e-06,0.7496750988277835
3,40,1.110226141147348e-06,0.8363236655412715
3,40,1.110226141147348e-06,0.8363236655412715
3,40,1.110226141147348e-06,0.8363236655412715
3,40,1.110226141147348e-06,0.8363236655412715
3,50,1.1281520744540876e-06,0.910370030347505
3,50,1.1281520744540876e-06,0.910370030347505
3,50,1.1281520744540876e-06,0.910370030347505
3,50,1.1281520744540876e-06,0.910370030347505
3,60,1.159019918551832e-06,0.9932418591409838
3,60,1.159019918551832e-06,0.9932418591409838
3,60,1.159019918551832e-06,0.9932418591409838
3,60,1.159201119717883e-06,0.9934367830850348
3,10,4.3991979348194145e-07,0.6394990855418483
3,10,4.3991979348194145e-07,0.6394990855418483
3,10,4.3991979348194145e-07,0.6394990855418483
3,10,4.402378488375847e-07,0.6388661047440827
3,20,8.49756067814213e-07,0.6882182054485315
3,20,8.49756067814213e-07,0.6882182054485315
3,20,8.49756067814213e-07,0.6882182054485315
3,20,8.49756067814213e-07,0.6882182054485315
3,30,1.0510260487714973e-06,0.7496750988277835
3,30,1.0510260487714973e-06,0.7496750988277835
3,30,1.050230589124848e-06,0.7561529294551077
3,30,1.0510260487714973e-06,0.7496750988277835
3,40,1.1106257686026789e-06,0.8373609629452143
3,40,1.110226141147348e-06,0.8363236655412715
3,40,1.110226141147348e-06,0.8363236655412715
3,40,1.110226141147348e-06,0.8363236655412715
3,50,1.1281520744540876e-06,0.910370030347505
3,50,1.1281520744540876e-06,0.910370030347505
3,50,1.1281520744540876e-06,0.910370030347505
3,50,1.1281520744540876e-06,0.910370030347505
3,60,1.159019918551832e-06,0.9932418591409838
3,60,1.159019918551832e-06,0.9932418591409838
3,60,1.159019918551832e-06,0.9932418591409838
3,60,1.159019918551832e-06,0.9932418591409838
3,10,4.4416551990606806e-07,0.638210838113176
3,10,4.3991979348194145e-07,0.6394990855418483
3,10,4.3991979348194145e-07,0.6394990855418483
3,10,4.3991979348194145e-07,0.6394990855418483
3,20,8.49756067814213e-07,0.6882182054485315
3,20,8.49756067814213e-07,0.6882182054485315
3,20,8.49756067814213e-07,0.6882182054485315
3,20,8.49756067814213e-07,0.6882182054485315
3,30,1.0510260487714973e-06,0.7496750988277835
3,30,1.0510260487714973e-06,0.7496750988277835
3,30,1.0510260487714973e-06,0.7496750988277835
3,30,1.0510260487714973e-06,0.7496750988277835
3,40,1.110226141147348e-06,0.8363236655412715
3,40,1.110226141147348e-06,0.8363236655412715
3,40,1.110226141147348e-06,0.8363236655412715
3,40,1.110226141147348e-06,0.8363236655412715
3,50,1.1281520744540876e-06,0.910370030347505
3,50,1.1281520744540876e-06,0.910370030347505
3,50,1.1281520744540876e-06,0.910370030347505
3,50,1.1281520744540876e-06,0.910370030347505
3,60,1.159019918551832e-06,0.9932418591409838
3,60,1.159019918551832e-06,0.9932418591409838
3,60,1.159019918551832e-06,0.9932418591409838
3,60,1.159019918551832e-06,0.9932418591409838
3,10,4.3991979348194145e-07,0.6394990855418483
3,10,4.3991979348194145e-07,0.6394990855418483
3,10,4.3991979348194145e-07,0.6394990855418483
3,10,4.3991979348194145e-07,0.6394990855418483
3,20,8.49756067814213e-07,0.6882182054485315
3,20,8.49756067814213e-07,0.6882182054485315
3,20,8.49756067814213e-07,0.6882182054485315
3,20,8.49756067814213e-07,0.6882182054485315
3,30,1.0510260487714973e-06,0.7496750988277835
3,30,1.0515046849283393e-06,0.7511541877190054
3,30,1.0510260487714973e-06,0.7496750988277835
3,30,1.0510260487714973e-06,0.7496750988277835
3,40,1.110226141147348e-06,0.8363236655412715
3,40,1.110226141147348e-06,0.8363236655412715
3,40,1.1106257686026789e-06,0.8373609629452143
3,40,1.110226141147348e-06,0.8363236655412715
3,50,1.1281520744540876e-06,0.910370030347505
3,50,1.1281520744540876e-06,0.910370030347505
3,50,1.1281520744540876e-06,0.910370030347505
3,50,1.1281520744540876e-06,0.910370030347505
3,60,1.159019918551832e-06,0.9932418591409838
3,60,1.159019918551832e-06,0.9932418591409838
3,60,1.159019918551832e-06,0.9932418591409838
3,60,1.159019918551832e-06,0.9932418591409838
4,10,4.3991979348194145e-07,0.6394990855418483
4,10,4.3991979348194145e-07,0.6394990855418483
4,10,4.3991979348194145e-07,0.6394990855418483
4,10,4.3991979348194145e-07,0.6394990855418483
4,20,8.49756067814213e-07,0.6882182054485315
4,20,8.49756067814213e-07,0.6882182054485315
4,20,8.49756067814213e-07,0.6882182054485315
4,20,8.49756067814213e-07,0.6882182054485315
4,30,1.0510260487714973e-06,0.7496750988277835
4,30,1.0510260487714973e-06,0.7496750988277835
4,30,1.0510260487714973e-06,0.7496750988277835
4,30,1.0510260487714973e-06,0.7496750988277835
4,40,1.110226141147348e-06,0.8363236655412715
4,40,1.110226141147348e-06,0.8363236655412715
4,40,1.110226141147348e-06,0.8363236655412715
4,40,1.110226141147348e-06,0.8363236655412715
4,50,1.1281520744540876e-06,0.910370030347505
4,50,1.1281520744540876e-06,0.910370030347505
4,50,1.1281520744540876e-06,0.910370030347505
4,50,1.1281520744540876e-06,0.910370030347505
4,60,1.159019918551832e-06,0.9932418591409838
4,60,1.159019918551832e-06,0.9932418591409838
4,60,1.159019918551832e-06,0.9932418591409838
4,60,1.159019918551832e-06,0.9932418591409838
4,10,4.3991979348194145e-07,0.6394990855418483
4,10,4.3991979348194145e-07,0.6394990855418483
4,10,4.3991979348194145e-07,0.6394990855418483
4,10,4.3991979348194145e-07,0.6394990855418483
4,20,8.49756067814213e-07,0.6882182054485315
4,20,8.49756067814213e-07,0.6882182054485315
4,20,8.49756067814213e-07,0.6882182054485315
4,20,8.495263588669788e-07,0.687211592331626
4,30,1.050842365258614e-06,0.7487619889753369
4,30,1.0510260487714973e-06,0.7496750988277835
4,30,1.0510260487714973e-06,0.7496750988277835
4,30,1.0510260487714973e-06,0.7496750988277835
4,40,1.110226141147348e-06,0.8363236655412715
4,40,1.110226141147348e-06,0.8363236655412715
4,40,1.110226141147348e-06,0.8363236655412715
4,40,1.110226141147348e-06,0.8363236655412715
4,50,1.1279550746437574e-06,0.9099334740080952
4,50,1.1281520744540876e-06,0.910370030347505
4,50,1.1281520744540876e-06,0.910370030347505
4,50,1.1281520744540876e-06,0.910370030347505
4,60,1.159019918551832e-06,0.9932418591409838
4,60,1.159019918551832e-06,0.9932418591409838
4,60,1.159019918551832e-06,0.9932418591409838
4,60,1.1586112701217132e-06,0.9931142204546226
4,10,4.3991979348194145e-07,0.6394990855418483
4,10,4.3991979348194145e-07,0.6394990855418483
4,10,4.3991979348194145e-07,0.6394990855418483
4,10,4.3991979348194145e-07,0.6394990855418483
4,20,8.49756067814213e-07,0.6882182054485315
4,20,8.49756067814213e-07,0.6882182054485315
4,20,8.49756067814213e-07,0.6882182054485315
4,20,8.49756067814213e-07,0.6882182054485315
4,30,1.0510260487714973e-06,0.7496750988277835
4,30,1.0510260487714973e-06,0.7496750988277835
4,30,1.0510260487714973e-06,0.7496750988277835
4,30,1.0510260487714973e-06,0.7496750988277835
4,40,1.110226141147348e-06,0.8363236655412715
4,40,1.110226141147348e-06,0.8363236655412715
4,40,1.110226141147348e-06,0.8363236655412715
4,40,1.110226141147348e-06,0.8363236655412715
4,50,1.1281520744540876e-06,0.910370030347505
4,50,1.1281520744540876e-06,0.910370030347505
4,50,1.1273932203674986e-06,0.9173986712641979
4,50,1.1281520744540876e-06,0.910370030347505
4,60,1.159019918551832e-06,0.9932418591409838
4,60,1.159019918551832e-06,0.9932418591409838
4,60,1.159019918551832e-06,0.9932418591409838
4,60,1.159019918551832e-06,0.9932418591409838
4,10,4.3991979348194145e-07,0.6394990855418483
4,10,4.3991979348194145e-07,0.6394990855418483
4,10,4.402378488375847e-07,0.6388661047440827
4,10,4.3991979348194145e-07,0.6394990855418483
4,20,8.49756067814213e-07,0.6882182054485315
4,20,8.49756067814213e-07,0.6882182054485315
4,20,8.49756067814213e-07,0.6882182054485315
4,20,8.49756067814213e-07,0.6882182054485315
4,30,1.0510260487714973e-06,0.7496750988277835
4,30,1.0510260487714973e-06,0.7496750988277835
4,30,1.0510260487714973e-06,0.7496750988277835
4,30,1.0510260487714973e-06,0.7496750988277835
4,40,1.110226141147348e-06,0.8363236655412715
4,40,1.110226141147348e-06,0.8363236655412715
4,40,1.110226141147348e-06,0.8363236655412715
4,40,1.110226141147348e-06,0.8363236655412715
4,50,1.1281520744540876e-06,0.910370030347505
4,50,1.1279550746437574e-06,0.9099334740080952
4,50,1.1281520744540876e-06,0.910370030347505
4,50,1.1281520744540876e-06,0.910370030347505
4,60,1.159019918551832e-06,0.9932418591409838
4,60,1.159019918551832e-06,0.9932418591409838
4,60,1.159019918551832e-06,0.9932418591409838
4,60,1.159019918551832e-06,0.9932418591409838
5,10,4.402378488375847e-07,0.6388661047440827
5,10,4.3991979348194145e-07,0.6394990855418483
5,10,4.402378488375847e-07,0.6388661047440827
5,10,4.402378488375847e-07,0.6388661047440827
5,20,8.49756067814213e-07,0.6882182054485315
5,20,8.495263588669788e-07,0.687211592331626
5,20,8.49756067814213e-07,0.6882182054485315
5,20,8.495263588669788e-07,0.687211592331626
5,30,1.050842365258614e-06,0.7487619889753369
5,30,1.0510260487714973e-06,0.7496750988277835
5,30,1.0510260487714973e-06,0.7496750988277835
5,30,1.0510260487714973e-06,0.7496750988277835
5,40,1.1102399386582767e-06,0.8357383257568016
5,40,1.1102399386582767e-06,0.8357383257568016
5,40,1.110226141147348e-06,0.8363236655412715
5,40,1.1102399386582767e-06,0.8357383257568016
5,50,1.1281520744540876e-06,0.910370030347505
5,50,1.1281520744540876e-06,0.910370030347505
5,50,1.1279550746437574e-06,0.9099334740080952
5,50,1.1279550746437574e-06,0.9099334740080952
5,60,1.1586112701217132e-06,0.9931142204546226
5,60,1.159019918551832e-06,0.9932418591409838
5,60,1.159019918551832e-06,0.9932418591409838
5,60,1.1586112701217132e-06,0.9931142204546226
5,10,4.3991979348194145e-07,0.6394990855418483
5,10,4.402378488375847e-07,0.6388661047440827
5,10,4.3991979348194145e-07,0.6394990855418483
5,10,4.40344862097301e-07,0.6378573988798945
5,20,8.495263588669788e-07,0.687211592331626
5,20,8.49756067814213e-07,0.6882182054485315
5,20,8.49756067814213e-07,0.6882182054485315
5,20,8.495263588669788e-07,0.687211592331626
5,30,1.0510260487714973e-06,0.7496750988277835
5,30,1.0510260487714973e-06,0.7496750988277835
5,30,1.0510260487714973e-06,0.7496750988277835
5,30,1.050842365258614e-06,0.7487619889753369
5,40,1.110226141147348e-06,0.8363236655412715
5,40,1.110226141147348e-06,0.8363236655412715
5,40,1.110226141147348e-06,0.8363236655412715
5,40,1.1102399386582767e-06,0.8357383257568016
5,50,1.1281520744540876e-06,0.910370030347505
5,50,1.1279550746437574e-06,0.9099334740080952
5,50,1.1281520744540876e-06,0.910370030347505
5,50,1.1281520744540876e-06,0.910370030347505
5,60,1.1586112701217132e-06,0.9931142204546226
5,60,1.1586112701217132e-06,0.9931142204546226
5,60,1.1586112701217132e-06,0.9931142204546226
5,60,1.1586112701217132e-06,0.9931142204546226
5,10,4.3991979348194145e-07,0.6394990855418483
5,10,4.402378488375847e-07,0.6388661047440827
5,10,4.402378488375847e-07,0.6388661047440827
5,10,4.3991979348194145e-07,0.6394990855418483
5,20,8.49756067814213e-07,0.6882182054485315
5,20,8.495263588669788e-07,0.687211592331626
5,20,8.495263588669788e-07,0.687211592331626
5,20,8.495263588669788e-07,0.687211592331626
5,30,1.050842365258614e-06,0.7487619889753369
5,30,1.0510260487714973e-06,0.7496750988277835
5,30,1.050842365258614e-06,0.7487619889753369
5,30,1.050842365258614e-06,0.7487619889753369
5,40,1.1102399386582767e-06,0.8357383257568016
5,40,1.1102399386582767e-06,0.8357383257568016
5,40,1.1106395661136074e-06,0.8367758593908343
5,40,1.110226141147348e-06,0.8363236655412715
5,50,1.1279550746437574e-06,0.9099334740080952
5,50,1.1279550746437574e-06,0.9099334740080952
5,50,1.1279550746437574e-06,0.9099334740080952
5,50,1.1279550746437574e-06,0.9099334740080952
5,60,1.1586112701217132e-06,0.9931142204546226
5,60,1.1586112701217132e-06,0.9931142204546226
5,60,1.1586112701217132e-06,0.9931142204546226
5,60,1.1586112701217132e-06,0.9931142204546226
5,10,4.3991979348194145e-07,0.6394990855418483
5,10,4.402378488375847e-07,0.6388661047440827
5,10,4.3991979348194145e-07,0.6394990855418483
5,10,4.402378488375847e-07,0.6388661047440827
5,20,8.495263588669788e-07,0.687211592331626
5,20,8.495263588669788e-07,0.687211592331626
5,20,8.495263588669788e-07,0.687211592331626
5,20,8.495263588669788e-07,0.687211592331626
5,30,1.0510260487714973e-06,0.7496750988277835
5,30,1.0510260487714973e-06,0.7496750988277835
5,30,1.0500469056119647e-06,0.7552408302184291
5,30,1.0510260487714973e-06,0.7496750988277835
5,40,1.1102399386582767e-06,0.8357383257568016
5,40,1.1102399386582767e-06,0.8357383257568016
5,40,1.1102399386582767e-06,0.8357383257568016
5,40,1.1102399386582767e-06,0.8357383257568016
5,50,1.1281520744540876e-06,0.910370030347505
5,50,1.1279550746437574e-06,0.9099334740080952
5,50,1.1279550746437574e-06,0.9099334740080952
5,50,1.1279550746437574e-06,0.9099334740080952
5,60,1.159019918551832e-06,0.9932418591409838
5,60,1.159019918551832e-06,0.9932418591409838
5,60,1.1586112701217132e-06,0.9931142204546226
5,60,1.159019918551832e-06,0.9932418591409838
6,10,4.402378488375847e-07,0.6388661047440827
6,10,4.402378488375847e-07,0.6388661047440827
6,10,4.3991979348194145e-07,0.6394990855418483
6,10,4.402378488375847e-07,0.6388661047440827
6,20,8.495263588669788e-07,0.687211592331626
6,20,8.495263588669788e-07,0.687211592331626
6,20,8.495263588669788e-07,0.687211592331626
6,20,8.49756067814213e-07,0.6882182054485315
6,30,1.0510260487714973e-06,0.7496750988277835
6,30,1.050842365258614e-06,0.7487619889753369
6,30,1.051321001415456e-06,0.7502410598449814
6,30,1.050842365258614e-06,0.7487619889753369
6,40,1.1102399386582767e-06,0.8357383257568016
6,40,1.110226141147348e-06,0.8363236655412715
6,40,1.110226141147348e-06,0.8363236655412715
6,40,1.1102399386582767e-06,0.8357383257568016
6,50,1.1281520744540876e-06,0.910370030347505
6,50,1.1279550746437574e-06,0.9099334740080952
6,50,1.1279550746437574e-06,0.9099334740080952
6,50,1.1279550746437574e-06,0.9099334740080952
6,60,1.1586112701217132e-06,0.9931142204546226
6,60,1.1586112701217132e-06,0.9931142204546226
6,60,1.1586112701217132e-06,0.9931142204546226
6,60,1.159019918551832e-06,0.9932418591409838
6,10,4.402378488375847e-07,0.6388661047440827
6,10,4.402378488375847e-07,0.6388661047440827
6,10,4.3991979348194145e-07,0.6394990855418483
6,10,4.402378488375847e-07,0.6388661047440827
6,20,8.499470354251499e-07,0.6881410900267889
6,20,8.495263588669788e-07,0.687211592331626
6,20,8.49756067814213e-07,0.6882182054485315
6,20,8.495263588669788e-07,0.687211592331626
6,30,1.0510260487714973e-06,0.7496750988277835
6,30,1.050842365258614e-06,0.7487619889753369
6,30,1.0510260487714973e-06,0.7496750988277835
6,30,1.050842365258614e-06,0.7487619889753369
6,40,1.110226141147348e-06,0.8363236655412715
6,40,1.1102399386582767e-06,0.8357383257568016
6,40,1.110226141147348e-06,0.8363236655412715
6,40,1.110226141147348e-06,0.8363236655412715
6,50,1.1279550746437574e-06,0.9099334740080952
6,50,1.1281520744540876e-06,0.910370030347505
6,50,1.1283088576933406e-06,0.9105004123879719
6,50,1.1279550746437574e-06,0.9099334740080952
6,60,1.159019918551832e-06,0.9932418591409838
6,60,1.159019918551832e-06,0.9932418591409838
6,60,1.1586112701217132e-06,0.9931142204546226
6,60,1.163698527553636e-06,0.9917742616479507
6,10,4.402378488375847e-07,0.6388661047440827
6,10,4.402378488375847e-07,0.6388661047440827
6,10,4.3991979348194145e-07,0.6394990855418483
6,10,4.3991979348194145e-07,0.6394990855418483
6,20,8.495263588669788e-07,0.687211592331626
6,20,8.495263588669788e-07,0.687211592331626
6,20,8.495263588669788e-07,0.687211592331626
6,20,8.495263588669788e-07,0.687211592331626
6,30,1.0510260487714973e-06,0.7496750988277835
6,30,1.0510260487714973e-06,0.7496750988277835
6,30,1.050842365258614e-06,0.7487619889753369
6,30,1.0510260487714973e-06,0.7496750988277835
6,40,1.110226141147348e-06,0.8363236655412715
6,40,1.1102399386582767e-06,0.8357383257568016
6,40,1.110226141147348e-06,0.8363236655412715
6,40,1.1102399386582767e-06,0.8357383257568016
6,50,1.1281520744540876e-06,0.910370030347505
6,50,1.1281520744540876e-06,0.910370030347505
6,50,1.1281520744540876e-06,0.910370030347505
6,50,1.1279550746437574e-06,0.9099334740080952
6,60,1.159019918551832e-06,0.9932418591409838
6,60,1.1586112701217132e-06,0.9931142204546226
6,60,1.1586112701217132e-06,0.9931142204546226
6,60,1.159019918551832e-06,0.9932418591409838
6,10,4.3991979348194145e-07,0.6394990855418483
6,10,4.402378488375847e-07,0.6388661047440827
6,10,4.402378488375847e-07,0.6388661047440827
6,10,4.40344862097301e-07,0.6378573988798945
6,20,8.556887722906863e-07,0.6864436443668149
6,20,8.495263588669788e-07,0.687211592331626
6,20,8.495263588669788e-07,0.687211592331626
6,20,8.49756067814213e-07,0.6882182054485315
6,30,1.0510260487714973e-06,0.7496750988277835
6,30,1.050842365258614e-06,0.7487619889753369
6,30,1.0510260487714973e-06,0.7496750988277835
6,30,1.0510260487714973e-06,0.7496750988277835
6,40,1.110226141147348e-06,0.8363236655412715
6,40,1.1102399386582767e-06,0.8357383257568016
6,40,1.1102399386582767e-06,0.8357383257568016
6,40,1.110226141147348e-06,0.8363236655412715
6,50,1.1281520744540876e-06,0.910370030347505
6,50,1.1283088576933406e-06,0.9105004123879719
6,50,1.1279550746437574e-06,0.9099334740080952
6,50,1.1279550746437574e-06,0.9099334740080952
6,60,1.1571109799978305e-06,1.0003543947312938
6,60,1.159019918551832e-06,0.9932418591409838
6,60,1.1571109799978305e-06,1.0003543947312938
6,60,1.1586112701217132e-06,0.9931142204546226
7,10,4.402378488375847e-07,0.6388661047440827
7,10,4.402378488375847e-07,0.6388661047440827
7,10,4.3991979348194145e-07,0.6394990855418483
7,10,4.402378488375847e-07,0.6388661047440827
7,20,8.495263588669788e-07,0.687211592331626
7,20,8.495263588669788e-07,0.687211592331626
7,20,8.495263588669788e-07,0.687211592331626
7,20,8.495263588669788e-07,0.687211592331626
7,30,1.050842365258614e-06,0.7487619889753369
7,30,1.050842365258614e-06,0.7487619889753369
7,30,1.050842365258614e-06,0.7487619889753369
7,30,1.050842365258614e-06,0.7487619889753369
7,40,1.1097826464882212e-06,0.8425881224674752
7,40,1.1102399386582767e-06,0.8357383257568016
7,40,1.1102399386582767e-06,0.8357383257568016
7,40,1.1102399386582767e-06,0.8357383257568016
7,50,1.1279550746437574e-06,0.9099334740080952
7,50,1.1279550746437574e-06,0.9099334740080952
7,50,1.1279550746437574e-06,0.9099334740080952
7,50,1.1279550746437574e-06,0.9099334740080952
7,60,1.1586112701217132e-06,0.9931142204546226
7,60,1.1586112701217132e-06,0.9931142204546226
7,60,1.159019918551832e-06,0.9932418591409838
7,60,1.1586112701217132e-06,0.9931142204546226
7,10,4.402378488375847e-07,0.6388661047440827
7,10,4.402378488375847e-07,0.6388661047440827
7,10,4.402378488375847e-07,0.6388661047440827
7,10,4.402378488375847e-07,0.6388661047440827
7,20,8.495263588669788e-07,0.687211592331626
7,20,8.495263588669788e-07,0.687211592331626
7,20,8.49756067814213e-07,0.6882182054485315
7,20,8.49756067814213e-07,0.6882182054485315
7,30,1.050842365258614e-06,0.7487619889753369
7,30,1.050842365258614e-06,0.7487619889753369
7,30,1.0510260487714973e-06,0.7496750988277835
7,30,1.050842365258614e-06,0.7487619889753369
7,40,1.1102399386582767e-06,0.8357383257568016
7,40,1.1102399386582767e-06,0.8357383257568016
7,40,1.110226141147348e-06,0.8363236655412715
7,40,1.110226141147348e-06,0.8363236655412715
7,50,1.1279550746437574e-06,0.9099334740080952
7,50,1.1279550746437574e-06,0.9099334740080952
7,50,1.1279550746437574e-06,0.9099334740080952
7,50,1.1281520744540876e-06,0.910370030347505
7,60,1.1586112701217132e-06,0.9931142204546226
7,60,1.1586112701217132e-06,0.9931142204546226
7,60,1.1586112701217132e-06,0.9931142204546226
7,60,1.1586112701217132e-06,0.9931142204546226
7,10,4.3991979348194145e-07,0.6394990855418483
7,10,4.402378488375847e-07,0.6388661047440827
7,10,4.402378488375847e-07,0.6388661047440827
7,10,4.402378488375847e-07,0.6388661047440827
7,20,8.495263588669788e-07,0.687211592331626
7,20,8.495263588669788e-07,0.687211592331626
7,20,8.495263588669788e-07,0.687211592331626
7,20,8.49756067814213e-07,0.6882182054485315
7,30,1.050842365258614e-06,0.7487619889753369
7,30,1.050842365258614e-06,0.7487619889753369
7,30,1.051321001415456e-06,0.7502410598449814
7,30,1.050842365258614e-06,0.7487619889753369
7,40,1.110226141147348e-06,0.8363236655412715
7,40,1.1102399386582767e-06,0.8357383257568016
7,40,1.1102399386582767e-06,0.8357383257568016
7,40,1.1102399386582767e-06,0.8357383257568016
7,50,1.1279550746437574e-06,0.9099334740080952
7,50,1.1279550746437574e-06,0.9099334740080952
7,50,1.1281520744540876e-06,0.910370030347505
7,50,1.1279550746437574e-06,0.9099334740080952
7,60,1.1586112701217132e-06,0.9931142204546226
7,60,1.1586112701217132e-06,0.9931142204546226
7,60,1.159019918551832e-06,0.9932418591409838
7,60,1.1586112701217132e-06,0.9931142204546226
7,10,4.402378488375847e-07,0.6388661047440827
7,10,4.402378488375847e-07,0.6388661047440827
7,10,4.402378488375847e-07,0.6388661047440827
7,10,4.3991979348194145e-07,0.6394990855418483
7,20,8.495263588669788e-07,0.687211592331626
7,20,8.495263588669788e-07,0.687211592331626
7,20,8.495263588669788e-07,0.687211592331626
7,20,8.495263588669788e-07,0.687211592331626
7,30,1.050842365258614e-06,0.7487619889753369
7,30,1.0510260487714973e-06,0.7496750988277835
7,30,1.050842365258614e-06,0.7487619889753369
7,30,1.050842365258614e-06,0.7487619889753369
7,40,1.1102399386582767e-06,0.8357383257568016
7,40,1.1102399386582767e-06,0.8357383257568016
7,40,1.1102399386582767e-06,0.8357383257568016
7,40,1.1102399386582767e-06,0.8357383257568016
7,50,1.1279550746437574e-06,0.9099334740080952
7,50,1.1281520744540876e-06,0.910370030347505
7,50,1.1281520744540876e-06,0.910370030347505
7,50,1.1279550746437574e-06,0.9099334740080952
7,60,1.1586112701217132e-06,0.9931142204546226
7,60,1.1586112701217132e-06,0.9931142204546226
7,60,1.1586112701217132e-06,0.9931142204546226
7,60,1.159019918551832e-06,0.9932418591409838
8,10,4.402378488375847e-07,0.6388661047440827
8,10,4.402378488375847e-07,0.6388661047440827
8,10,4.402378488375847e-07,0.6388661047440827
8,10,4.402378488375847e-07,0.6388661047440827
8,20,8.495263588669788e-07,0.687211592331626
8,20,8.495263588669788e-07,0.687211592331626
8,20,8.495263588669788e-07,0.687211592331626
8,20,8.554590633434521e-07,0.6854388647503319
8,30,1.050842365258614e-06,0.7487619889753369
8,30,1.050842365258614e-06,0.7487619889753369
8,30,1.050842365258614e-06,0.7487619889753369
8,30,1.050842365258614e-06,0.7487619889753369
8,40,1.1102399386582767e-06,0.8357383257568016
8,40,1.1102399386582767e-06,0.8357383257568016
8,40,1.1102399386582767e-06,0.8357383257568016
8,40,1.1097826464882212e-06,0.8425881224674752
8,50,1.133827648596833e-06,0.9081244852076106
8,50,1.1279550746437574e-06,0.9099334740080952
8,50,1.1279550746437574e-06,0.9099334740080952
8,50,1.1279550746437574e-06,0.9099334740080952
8,60,1.1586112701217132e-06,0.9931142204546226
8,60,1.1586112701217132e-06,0.9931142204546226
8,60,1.1586112701217132e-06,0.9931142204546226
8,60,1.1586112701217132e-06,0.9931142204546226
8,10,4.402378488375847e-07,0.6388661047440827
8,10,4.402378488375847e-07,0.6388661047440827
8,10,4.402378488375847e-07,0.6388661047440827
8,10,4.3770916925929655e-07,0.6448902400443471
8,20,8.495263588669788e-07,0.687211592331626
8,20,8.495263588669788e-07,0.687211592331626
8,20,8.495263588669788e-07,0.687211592331626
8,20,8.495263588669788e-07,0.687211592331626
8,30,1.050842365258614e-06,0.7487619889753369
8,30,1.050842365258614e-06,0.7487619889753369
8,30,1.050842365258614e-06,0.7487619889753369
8,30,1.050842365258614e-06,0.7487619889753369
8,40,1.1102399386582767e-06,0.8357383257568016
8,40,1.1102399386582767e-06,0.8357383257568016
8,40,1.1102399386582767e-06,0.8357383257568016
8,40,1.1102399386582767e-06,0.8357383257568016
8,50,1.1279550746437574e-06,0.9099334740080952
8,50,1.1279550746437574e-06,0.9099334740080952
8,50,1.1279550746437574e-06,0.9099334740080952
8,50,1.1279550746437574e-06,0.9099334740080952
8,60,1.1586112701217132e-06,0.9931142204546226
8,60,1.1586112701217132e-06,0.9931142204546226
8,60,1.1586112701217132e-06,0.9931142204546226
8,60,1.1586112701217132e-06,0.9931142204546226
8,10,4.402378488375847e-07,0.6388661047440827
8,10,4.402378488375847e-07,0.6388661047440827
8,10,4.402378488375847e-07,0.6388661047440827
8,10,4.402378488375847e-07,0.6388661047440827
8,20,8.495263588669788e-07,0.687211592331626
8,20,8.495263588669788e-07,0.687211592331626
8,20,8.495263588669788e-07,0.687211592331626
8,20,8.495263588669788e-07,0.687211592331626
8,30,1.050842365258614e-06,0.7487619889753369
8,30,1.050842365258614e-06,0.7487619889753369
8,30,1.050842365258614e-06,0.7487619889753369
8,30,1.050842365258614e-06,0.7487619889753369
8,40,1.1102399386582767e-06,0.8357383257568016
8,40,1.1102399386582767e-06,0.8357383257568016
8,40,1.1102399386582767e-06,0.8357383257568016
8,40,1.1102399386582767e-06,0.8357383257568016
8,50,1.1279550746437574e-06,0.9099334740080952
8,50,1.1279550746437574e-06,0.9099334740080952
8,50,1.1279550746437574e-06,0.9099334740080952
8,50,1.1279550746437574e-06,0.9099334740080952
8,60,1.1586112701217132e-06,0.9931142204546226
8,60,1.1586112701217132e-06,0.9931142204546226
8,60,1.1586112701217132e-06,0.9931142204546226
8,60,1.1586112701217132e-06,0.9931142204546226
8,10,4.402378488375847e-07,0.6388661047440827
8,10,4.402378488375847e-07,0.6388661047440827
8,10,4.402378488375847e-07,0.6388661047440827
8,10,4.402378488375847e-07,0.6388661047440827
8,20,8.495263588669788e-07,0.687211592331626
8,20,8.495263588669788e-07,0.687211592331626
8,20,8.495263588669788e-07,0.687211592331626
8,20,8.495263588669788e-07,0.687211592331626
8,30,1.050842365258614e-06,0.7487619889753369
8,30,1.050842365258614e-06,0.7487619889753369
8,30,1.050842365258614e-06,0.7487619889753369
8,30,1.050842365258614e-06,0.7487619889753369
8,40,1.1102399386582767e-06,0.8357383257568016
8,40,1.1102399386582767e-06,0.8357383257568016
8,40,1.1102399386582767e-06,0.8357383257568016
8,40,1.1097826464882212e-06,0.8425881224674752
8,50,1.1279550746437574e-06,0.9099334740080952
8,50,1.1279550746437574e-06,0.9099334740080952
8,50,1.1279550746437574e-06,0.9099334740080952
8,50,1.1279550746437574e-06,0.9099334740080952
8,60,1.1586112701217132e-06,0.9931142204546226
8,60,1.1587924712877641e-06,0.9933092277646741
8,60,1.1586112701217132e-06,0.9931142204546226
8,60,1.1586112701217132e-06,0.9931142204546226
9,10,4.402378488375847e-07,0.6388661047440827
9,10,4.402378488375847e-07,0.6388661047440827
9,10,4.402378488375847e-07,0.6388661047440827
9,10,4.402378488375847e-07,0.6388661047440827
9,20,8.495263588669788e-07,0.687211592331626
9,20,8.495263588669788e-07,0.687211592331626
9,20,8.495263588669788e-07,0.687211592331626
9,20,8.495263588669788e-07,0.687211592331626
9,30,1.050842365258614e-06,0.7487619889753369
9,30,1.051321001415456e-06,0.7502410598449814
9,30,1.0500469056119647e-06,0.7552408302184291
9,30,1.050842365258614e-06,0.7487619889753369
9,40,1.1102399386582767e-06,0.8357383257568016
9,40,1.1102399386582767e-06,0.8357383257568016
9,40,1.1102399386582767e-06,0.8357383257568016
9,40,1.1102399386582767e-06,0.8357383257568016
9,50,1.1279550746437574e-06,0.9099334740080952
9,50,1.1279550746437574e-06,0.9099334740080952
9,50,1.1279550746437574e-06,0.9099334740080952
9,50,1.1279550746437574e-06,0.9099334740080952
9,60,1.1586112701217132e-06,0.9931142204546226
9,60,1.1632898791235169e-06,0.9916456324283278
9,60,1.1587924712877641e-06,0.9933092277646741
9,60,1.1586112701217132e-06,0.9931142204546226
9,10,4.402378488375847e-07,0.6388661047440827
9,10,4.402378488375847e-07,0.6388661047440827
9,10,4.402378488375847e-07,0.6388661047440827
9,10,4.402378488375847e-07,0.6388661047440827
9,20,8.495263588669788e-07,0.687211592331626
9,20,8.495263588669788e-07,0.687211592331626
9,20,8.495263588669788e-07,0.687211592331626
9,20,8.495263588669788e-07,0.687211592331626
9,30,1.050842365258614e-06,0.7487619889753369
9,30,1.050842365258614e-06,0.7487619889753369
9,30,1.050842365258614e-06,0.7487619889753369
9,30,1.050842365258614e-06,0.7487619889753369
9,40,1.1102399386582767e-06,0.8357383257568016
9,40,1.1102399386582767e-06,0.8357383257568016
9,40,1.1102399386582767e-06,0.8357383257568016
9,40,1.1102399386582767e-06,0.8357383257568016
9,50,1.1279550746437574e-06,0.9099334740080952
9,50,1.1279550746437574e-06,0.9099334740080952
9,50,1.1279550746437574e-06,0.9099334740080952
9,50,1.1279550746437574e-06,0.9099334740080952
9,60,1.1586112701217132e-06,0.9931142204546226
9,60,1.1586112701217132e-06,0.9931142204546226
9,60,1.1586112701217132e-06,0.9931142204546226
9,60,1.1587924712877641e-06,0.9933092277646741
9,10,4.402378488375847e-07,0.6388661047440827
9,10,4.402378488375847e-07,0.6388661047440827
9,10,4.402378488375847e-07,0.6388661047440827
9,10,4.402378488375847e-07,0.6388661047440827
9,20,8.495263588669788e-07,0.687211592331626
9,20,8.495263588669788e-07,0.687211592331626
9,20,8.495263588669788e-07,0.687211592331626
9,20,8.495263588669788e-07,0.687211592331626
9,30,1.050842365258614e-06,0.7487619889753369
9,30,1.050842365258614e-06,0.7487619889753369
9,30,1.050842365258614e-06,0.7487619889753369
9,30,1.050842365258614e-06,0.7487619889753369
9,40,1.1102399386582767e-06,0.8357383257568016
9,40,1.1102399386582767e-06,0.8357383257568016
9,40,1.116456733438949e-06,0.8337447320107264
9,40,1.1102399386582767e-06,0.8357383257568016
9,50,1.133827648596833e-06,0.9081244852076106
9,50,1.1279550746437574e-06,0.9099334740080952
9,50,1.133827648596833e-06,0.9081244852076106
9,50,1.1279550746437574e-06,0.9099334740080952
9,60,1.1586112701217132e-06,0.9931142204546226
9,60,1.1587924712877641e-06,0.9933092277646741
9,60,1.1586112701217132e-06,0.9931142204546226
9,60,1.1586112701217132e-06,0.9931142204546226
9,10,4.402378488375847e-07,0.6388661047440827
9,10,4.402378488375847e-07,0.6388661047440827
9,10,4.402378488375847e-07,0.6388661047440827
9,10,4.402378488375847e-07,0.6388661047440827
9,20,8.495263588669788e-07,0.687211592331626
9,20,8.495263588669788e-07,0.687211592331626
9,20,8.495263588669788e-07,0.687211592331626
9,20,8.495263588669788e-07,0.687211592331626
9,30,1.050842365258614e-06,0.7487619889753369
9,30,1.050842365258614e-06,0.7487619889753369
9,30,1.050842365258614e-06,0.7487619889753369
9,30,1.050842365258614e-06,0.7487619889753369
9,40,1.1102399386582767e-06,0.8357383257568016
9,40,1.1102399386582767e-06,0.8357383257568016
9,40,1.1102399386582767e-06,0.8357383257568016
9,40,1.1102399386582767e-06,0.8357383257568016
9,50,1.1279550746437574e-06,0.9099334740080952
9,50,1.1279550746437574e-06,0.9099334740080952
9,50,1.1279550746437574e-06,0.9099334740080952
9,50,1.1279550746437574e-06,0.9099334740080952
9,60,1.1586112701217132e-06,0.9931142204546226
9,60,1.1586112701217132e-06,0.9931142204546226
9,60,1.1586112701217132e-06,0.9931142204546226
9,60,1.1586112701217132e-06,0.9931142204546226
10,10,4.402378488375847e-07,0.6388661047440827
10,10,4.402378488375847e-07,0.6388661047440827
10,10,4.402378488375847e-07,0.6388661047440827
10,10,4.402378488375847e-07,0.6388661047440827
10,20,8.495263588669788e-07,0.687211592331626
10,20,8.495263588669788e-07,0.687211592331626
10,20,8.495263588669788e-07,0.687211592331626
10,20,8.495263588669788e-07,0.687211592331626
10,30,1.050842365258614e-06,0.7487619889753369
10,30,1.050842365258614e-06,0.7487619889753369
10,30,1.050842365258614e-06,0.7487619889753369
10,30,1.050842365258614e-06,0.7487619889753369
10,40,1.1102399386582767e-06,0.8357383257568016
10,40,1.1102399386582767e-06,0.8357383257568016
10,40,1.1102399386582767e-06,0.8357383257568016
10,40,1.1102399386582767e-06,0.8357383257568016
10,50,1.1279550746437574e-06,0.9099334740080952
10,50,1.1279550746437574e-06,0.9099334740080952
10,50,1.1279550746437574e-06,0.9099334740080952
10,50,1.1279550746437574e-06,0.9099334740080952
10,60,1.1586112701217132e-06,0.9931142204546226
10,60,1.1586112701217132e-06,0.9931142204546226
10,60,1.1586112701217132e-06,0.9931142204546226
10,60,1.1586112701217132e-06,0.9931142204546226
10,10,4.402378488375847e-07,0.6388661047440827
10,10,4.402378488375847e-07,0.6388661047440827
10,10,4.402378488375847e-07,0.6388661047440827
10,10,4.402378488375847e-07,0.6388661047440827
10,20,8.495263588669788e-07,0.687211592331626
10,20,8.495263588669788e-07,0.687211592331626
10,20,8.495263588669788e-07,0.687211592331626
10,20,8.495263588669788e-07,0.687211592331626
10,30,1.050842365258614e-06,0.7487619889753369
10,30,1.050842365258614e-06,0.7487619889753369
10,30,1.050842365258614e-06,0.7487619889753369
10,30,1.050842365258614e-06,0.7487619889753369
10,40,1.1102399386582767e-06,0.8357383257568016
10,40,1.1102399386582767e-06,0.8357383257568016
10,40,1.1102399386582767e-06,0.8357383257568016
10,40,1.1102399386582767e-06,0.8357383257568016
10,50,1.1279550746437574e-06,0.9099334740080952
10,50,1.1279550746437574e-06,0.9099334740080952
10,50,1.1279550746437574e-06,0.9099334740080952
10,50,1.1279550746437574e-06,0.9099334740080952
10,60,1.1586112701217132e-06,0.9931142204546226
10,60,1.1586112701217132e-06,0.9931142204546226
10,60,1.1586112701217132e-06,0.9931142204546226
10,60,1.1586112701217132e-06,0.9931142204546226
10,10,4.402378488375847e-07,0.6388661047440827
10,10,4.402378488375847e-07,0.6388661047440827
10,10,4.402378488375847e-07,0.6388661047440827
10,10,4.402378488375847e-07,0.6388661047440827
10,20,8.495263588669788e-07,0.687211592331626
10,20,8.495263588669788e-07,0.687211592331626
10,20,8.495263588669788e-07,0.687211592331626
10,20,8.495263588669788e-07,0.687211592331626
10,30,1.051321001415456e-06,0.7502410598449814
10,30,1.050842365258614e-06,0.7487619889753369
10,30,1.050842365258614e-06,0.7487619889753369
10,30,1.050842365258614e-06,0.7487619889753369
10,40,1.1102399386582767e-06,0.8357383257568016
10,40,1.1102399386582767e-06,0.8357383257568016
10,40,1.1106395661136074e-06,0.8367758593908343
10,40,1.1102399386582767e-06,0.8357383257568016
10,50,1.1279550746437574e-06,0.9099334740080952
10,50,1.1279550746437574e-06,0.9099334740080952
10,50,1.1279550746437574e-06,0.9099334740080952
10,50,1.1279550746437574e-06,0.9099334740080952
10,60,1.1586112701217132e-06,0.9931142204546226
10,60,1.1586112701217132e-06,0.9931142204546226
10,60,1.1586112701217132e-06,0.9931142204546226
10,60,1.1586112701217132e-06,0.9931142204546226
10,10,4.402378488375847e-07,0.6388661047440827
10,10,4.402378488375847e-07,0.6388661047440827
10,10,4.3770916925929655e-07,0.6448902400443471
10,10,4.402378488375847e-07,0.6388661047440827
10,20,8.495263588669788e-07,0.687211592331626
10,20,8.495263588669788e-07,0.687211592331626
10,20,8.495263588669788e-07,0.687211592331626
10,20,8.495263588669788e-07,0.687211592331626
10,30,1.057029990375042e-06,0.7469652795114288
10,30,1.050842365258614e-06,0.7487619889753369
10,30,1.050842365258614e-06,0.7487619889753369
10,30,1.050842365258614e-06,0.7487619889753369
10,40,1.1102399386582767e-06,0.8357383257568016
10,40,1.1102399386582767e-06,0.8357383257568016
10,40,1.1102399386582767e-06,0.8357383257568016
10,40,1.1102399386582767e-06,0.8357383257568016
10,50,1.1279550746437574e-06,0.9099334740080952
10,50,1.1279550746437574e-06,0.9099334740080952
10,50,1.1279550746437574e-06,0.9099334740080952
10,50,1.1279550746437574e-06,0.9099334740080952
10,60,1.1586112701217132e-06,0.9931142204546226
10,60,1.1586112701217132e-06,0.9931142204546226
10,60,1.1586112701217132e-06,0.9931142204546226
10,60,1.1586112701217132e-06,0.9931142204546226
11,10,4.402378488375847e-07,0.6388661047440827
11,10,4.402378488375847e-07,0.6388661047440827
11,10,4.402378488375847e-07,0.6388661047440827
11,10,4.402378488375847e-07,0.6388661047440827
11,20,8.495263588669788e-07,0.687211592331626
11,20,8.495263588669788e-07,0.687211592331626
11,20,8.495263588669788e-07,0.687211592331626
11,20,8.495263588669788e-07,0.687211592331626
11,30,1.050842365258614e-06,0.7487619889753369
11,30,1.050842365258614e-06,0.7487619889753369
11,30,1.050842365258614e-06,0.7487619889753369
11,30,1.050842365258614e-06,0.7487619889753369
11,40,1.1102399386582767e-06,0.8357383257568016
11,40,1.1102399386582767e-06,0.8357383257568016
11,40,1.1102399386582767e-06,0.8357383257568016
11,40,1.1102399386582767e-06,0.8357383257568016
11,50,1.1279550746437574e-06,0.9099334740080952
11,50,1.1279550746437574e-06,0.9099334740080952
11,50,1.1279550746437574e-06,0.9099334740080952
11,50,1.1279550746437574e-06,0.9099334740080952
11,60,1.1586112701217132e-06,0.9931142204546226
11,60,1.1586112701217132e-06,0.9931142204546226
11,60,1.1586112701217132e-06,0.9931142204546226
11,60,1.1586112701217132e-06,0.9931142204546226
11,10,4.402378488375847e-07,0.6388661047440827
11,10,4.402378488375847e-07,0.6388661047440827
11,10,4.402378488375847e-07,0.6388661047440827
11,10,4.402378488375847e-07,0.6388661047440827
11,20,8.495263588669788e-07,0.687211592331626
11,20,8.495263588669788e-07,0.687211592331626
11,20,8.495263588669788e-07,0.687211592331626
11,20,8.495263588669788e-07,0.687211592331626
11,30,1.050842365258614e-06,0.7487619889753369
11,30,1.050842365258614e-06,0.7487619889753369
11,30,1.050842365258614e-06,0.7487619889753369
11,30,1.050842365258614e-06,0.7487619889753369
11,40,1.1102399386582767e-06,0.8357383257568016
11,40,1.1102399386582767e-06,0.8357383257568016
11,40,1.1102399386582767e-06,0.8357383257568016
11,40,1.1102399386582767e-06,0.8357383257568016
11,50,1.1279550746437574e-06,0.9099334740080952
11,50,1.1279550746437574e-06,0.9099334740080952
11,50,1.1279550746437574e-06,0.9099334740080952
11,50,1.1279550746437574e-06,0.9099334740080952
11,60,1.1586112701217132e-06,0.9931142204546226
11,60,1.1586112701217132e-06,0.9931142204546226
11,60,1.1586112701217132e-06,0.9931142204546226
11,60,1.1586112701217132e-06,0.9931142204546226
11,10,4.402378488375847e-07,0.6388661047440827
11,10,4.402378488375847e-07,0.6388661047440827
11,10,4.402378488375847e-07,0.6388661047440827
11,10,4.402378488375847e-07,0.6388661047440827
11,20,8.495263588669788e-07,0.687211592331626
11,20,8.495263588669788e-07,0.687211592331626
11,20,8.495263588669788e-07,0.687211592331626
11,20,8.495263588669788e-07,0.687211592331626
11,30,1.050842365258614e-06,0.7487619889753369
11,30,1.050842365258614e-06,0.7487619889753369
11,30,1.050842365258614e-06,0.7487619889753369
11,30,1.050842365258614e-06,0.7487619889753369
11,40,1.1102399386582767e-06,0.8357383257568016
11,40,1.1102399386582767e-06,0.8357383257568016
11,40,1.1102399386582767e-06,0.8357383257568016
11,40,1.1102399386582767e-06,0.8357383257568016
11,50,1.1279550746437574e-06,0.9099334740080952
11,50,1.1279550746437574e-06,0.9099334740080952
11,50,1.1279550746437574e-06,0.9099334740080952
11,50,1.1271962205571681e-06,0.9169646349419441
11,60,1.1586112701217132e-06,0.9931142204546226
11,60,1.1586112701217132e-06,0.9931142204546226
11,60,1.1586112701217132e-06,0.9931142204546226
11,60,1.1586112701217132e-06,0.9931142204546226
11,10,4.402378488375847e-07,0.6388661047440827
11,10,4.402378488375847e-07,0.6388661047440827
11,10,4.402378488375847e-07,0.6388661047440827
11,10,4.402378488375847e-07,0.6388661047440827
11,20,8.495263588669788e-07,0.687211592331626
11,20,8.495263588669788e-07,0.687211592331626
11,20,8.495263588669788e-07,0.687211592331626
11,20,8.495263588669788e-07,0.687211592331626
11,30,1.050842365258614e-06,0.7487619889753369
11,30,1.050842365258614e-06,0.7487619889753369
11,30,1.050842365258614e-06,0.7487619889753369
11,30,1.050842365258614e-06,0.7487619889753369
11,40,1.1102399386582767e-06,0.8357383257568016
11,40,1.1102399386582767e-06,0.8357383257568016
11,40,1.1102399386582767e-06,0.8357383257568016
11,40,1.1102399386582767e-06,0.8357383257568016
11,50,1.1279550746437574e-06,0.9099334740080952
11,50,1.1279550746437574e-06,0.9099334740080952
11,50,1.1279550746437574e-06,0.9099334740080952
11,50,1.1279550746437574e-06,0.9099334740080952
11,60,1.1586112701217132e-06,0.9931142204546226
11,60,1.1586112701217132e-06,0.9931142204546226
11,60,1.1586112701217132e-06,0.9931142204546226
11,60,1.1586112701217132e-06,0.9931142204546226
12,10,4.402378488375847e-07,0.6388661047440827
12,10,4.402378488375847e-07,0.6388661047440827
12,10,4.402378488375847e-07,0.6388661047440827
12,10,4.402378488375847e-07,0.6388661047440827
12,20,8.499470354251499e-07,0.6881410900267889
12,20,8.475304253286369e-07,0.6935980317900443
12,20,8.495263588669788e-07,0.687211592331626
12,20,8.495263588669788e-07,0.687211592331626
12,30,1.057029990375042e-06,0.7469652795114288
12,30,1.050842365258614e-06,0.7487619889753369
12,30,1.050842365258614e-06,0.7487619889753369
12,30,1.050842365258614e-06,0.7487619889753369
12,40,1.1102399386582767e-06,0.8357383257568016
12,40,1.1102399386582767e-06,0.8357383257568016
12,40,1.1102399386582767e-06,0.8357383257568016
12,40,1.1102399386582767e-06,0.8357383257568016
12,50,1.1279550746437574e-06,0.9099334740080952
12,50,1.1279550746437574e-06,0.9099334740080952
12,50,1.1279550746437574e-06,0.9099334740080952
12,50,1.1279550746437574e-06,0.9099334740080952
12,60,1.1586112701217132e-06,0.9931142204546226
12,60,1.1586112701217132e-06,0.9931142204546226
12,60,1.1586112701217132e-06,0.9931142204546226
12,60,1.1586112701217132e-06,0.9931142204546226
12,10,4.402378488375847e-07,0.6388661047440827
12,10,4.402378488375847e-07,0.6388661047440827
12,10,4.402378488375847e-07,0.6388661047440827
12,10,4.402378488375847e-07,0.6388661047440827
12,20,8.495263588669788e-07,0.687211592331626
12,20,8.495263588669788e-07,0.687211592331626
12,20,8.495263588669788e-07,0.687211592331626
12,20,8.495263588669788e-07,0.687211592331626
12,30,1.050842365258614e-06,0.7487619889753369
12,30,1.050842365258614e-06,0.7487619889753369
12,30,1.050842365258614e-06,0.7487619889753369
12,30,1.050842365258614e-06,0.7487619889753369
12,40,1.1102399386582767e-06,0.8357383257568016
12,40,1.1102399386582767e-06,0.8357383257568016
12,40,1.1102399386582767e-06,0.8357383257568016
12,40,1.1102399386582767e-06,0.8357383257568016
12,50,1.1279550746437574e-06,0.9099334740080952
12,50,1.1279550746437574e-06,0.9099334740080952
12,50,1.1279550746437574e-06,0.9099334740080952
12,50,1.1279550746437574e-06,0.9099334740080952
12,60,1.1586112701217132e-06,0.9931142204546226
12,60,1.1586112701217132e-06,0.9931142204546226
12,60,1.1586112701217132e-06,0.9931142204546226
12,60,1.1586112701217132e-06,0.9931142204546226
12,10,4.402378488375847e-07,0.6388661047440827
12,10,4.402378488375847e-07,0.6388661047440827
12,10,4.402378488375847e-07,0.6388661047440827
12,10,4.402378488375847e-07,0.6388661047440827
12,20,8.495263588669788e-07,0.687211592331626
12,20,8.495263588669788e-07,0.687211592331626
12,20,8.495263588669788e-07,0.687211592331626
12,20,8.495263588669788e-07,0.687211592331626
12,30,1.050842365258614e-06,0.7487619889753369
12,30,1.050842365258614e-06,0.7487619889753369
12,30,1.050842365258614e-06,0.7487619889753369
12,30,1.050842365258614e-06,0.7487619889753369
12,40,1.1102399386582767e-06,0.8357383257568016
12,40,1.1102399386582767e-06,0.8357383257568016
12,40,1.1102399386582767e-06,0.8357383257568016
12,40,1.1102399386582767e-06,0.8357383257568016
12,50,1.1279550746437574e-06,0.9099334740080952
12,50,1.1279550746437574e-06,0.9099334740080952
12,50,1.1279550746437574e-06,0.9099334740080952
12,50,1.1279550746437574e-06,0.9099334740080952
12,60,1.1586112701217132e-06,0.9931142204546226
12,60,1.1586112701217132e-06,0.9931142204546226
12,60,1.1586112701217132e-06,0.9931142204546226
12,60,1.1586112701217132e-06,0.9931142204546226
12,10,4.402378488375847e-07,0.6388661047440827
12,10,4.402378488375847e-07,0.6388661047440827
12,10,4.402378488375847e-07,0.6388661047440827
12,10,4.402378488375847e-07,0.6388661047440827
12,20,8.495263588669788e-07,0.687211592331626
12,20,8.495263588669788e-07,0.687211592331626
12,20,8.495263588669788e-07,0.687211592331626
12,20,8.495263588669788e-07,0.687211592331626
12,30,1.050842365258614e-06,0.7487619889753369
12,30,1.050842365258614e-06,0.7487619889753369
12,30,1.050842365258614e-06,0.7487619889753369
12,30,1.050842365258614e-06,0.7487619889753369
12,40,1.1102399386582767e-06,0.8357383257568016
12,40,1.1102399386582767e-06,0.8357383257568016
12,40,1.1102399386582767e-06,0.8357383257568016
12,40,1.1102399386582767e-06,0.8357383257568016
12,50,1.1279550746437574e-06,0.9099334740080952
12,50,1.1279550746437574e-06,0.9099334740080952
12,50,1.1279550746437574e-06,0.9099334740080952
12,50,1.1279550746437574e-06,0.9099334740080952
12,60,1.1586112701217132e-06,0.9931142204546226
12,60,1.1586112701217132e-06,0.9931142204546226
12,60,1.1586112701217132e-06,0.9931142204546226
12,60,1.1586112701217132e-06,0.9931142204546226
13,10,4.402378488375847e-07,0.6388661047440827
13,10,4.402378488375847e-07,0.6388661047440827
13,10,4.4448357526171133e-07,0.6375794151110348
13,10,4.402378488375847e-07,0.6388661047440827
13,20,8.495263588669788e-07,0.687211592331626
13,20,8.495263588669788e-07,0.687211592331626
13,20,8.495263588669788e-07,0.687211592331626
13,20,8.495263588669788e-07,0.687211592331626
13,30,1.050842365258614e-06,0.7487619889753369
13,30,1.050842365258614e-06,0.7487619889753369
13,30,1.050842365258614e-06,0.7487619889753369
13,30,1.050842365258614e-06,0.7487619889753369
13,40,1.1102399386582767e-06,0.8357383257568016
13,40,1.116456733438949e-06,0.8337447320107264
13,40,1.1102399386582767e-06,0.8357383257568016
13,40,1.1102399386582767e-06,0.8357383257568016
13,50,1.1279550746437574e-06,0.9099334740080952
13,50,1.1279550746437574e-06,0.9099334740080952
13,50,1.1279550746437574e-06,0.9099334740080952
13,50,1.1279550746437574e-06,0.9099334740080952
13,60,1.1586112701217132e-06,0.9931142204546226
13,60,1.1586112701217132e-06,0.9931142204546226
13,60,1.1571109799978305e-06,1.0003543947312938
13,60,1.1586112701217132e-06,0.9931142204546226
13,10,4.402378488375847e-07,0.6388661047440827
13,10,4.402378488375847e-07,0.6388661047440827
13,10,4.402378488375847e-07,0.6388661047440827
13,10,4.402378488375847e-07,0.6388661047440827
13,20,8.495263588669788e-07,0.687211592331626
13,20,8.495263588669788e-07,0.687211592331626
13,20,8.499470354251499e-07,0.6881410900267889
13,20,8.495263588669788e-07,0.687211592331626
13,30,1.050842365258614e-06,0.7487619889753369
13,30,1.050842365258614e-06,0.7487619889753369
13,30,1.050842365258614e-06,0.7487619889753369
13,30,1.050842365258614e-06,0.7487619889753369
13,40,1.116456733438949e-06,0.8337447320107264
13,40,1.1102399386582767e-06,0.8357383257568016
13,40,1.1102399386582767e-06,0.8357383257568016
13,40,1.1102399386582767e-06,0.8357383257568016
13,50,1.1279550746437574e-06,0.9099334740080952
13,50,1.1279550746437574e-06,0.9099334740080952
13,50,1.1279550746437574e-06,0.9099334740080952
13,50,1.1279550746437574e-06,0.9099334740080952
13,60,1.1586112701217132e-06,0.9931142204546226
13,60,1.1586112701217132e-06,0.9931142204546226
13,60,1.1586112701217132e-06,0.9931142204546226
13,60,1.1586112701217132e-06,0.9931142204546226
13,10,4.40344862097301e-07,0.6378573988798945
13,10,4.402378488375847e-07,0.6388661047440827
13,10,4.402378488375847e-07,0.6388661047440827
13,10,4.402378488375847e-07,0.6388661047440827
13,20,8.495263588669788e-07,0.687211592331626
13,20,8.495263588669788e-07,0.687211592331626
13,20,8.495263588669788e-07,0.687211592331626
13,20,8.495263588669788e-07,0.687211592331626
13,30,1.050842365258614e-06,0.7487619889753369
13,30,1.057029990375042e-06,0.7469652795114288
13,30,1.050842365258614e-06,0.7487619889753369
13,30,1.050842365258614e-06,0.7487619889753369
13,40,1.1102399386582767e-06,0.8357383257568016
13,40,1.1102399386582767e-06,0.8357383257568016
13,40,1.1102399386582767e-06,0.8357383257568016
13,40,1.1102399386582767e-06,0.8357383257568016
13,50,1.1279550746437574e-06,0.9099334740080952
13,50,1.1283088576933406e-06,0.9105004123879719
13,50,1.1279550746437574e-06,0.9099334740080952
13,50,1.1279550746437574e-06,0.9099334740080952
13,60,1.1632898791235169e-06,0.9916456324283278
13,60,1.1586112701217132e-06,0.9931142204546226
13,60,1.1586112701217132e-06,0.9931142204546226
13,60,1.1586112701217132e-06,0.9931142204546226
13,10,4.402378488375847e-07,0.6388661047440827
13,10,4.402378488375847e-07,0.6388661047440827
13,10,4.402378488375847e-07,0.6388661047440827
13,10,4.402378488375847e-07,0.6388661047440827
13,20,8.495263588669788e-07,0.687211592331626
13,20,8.495263588669788e-07,0.687211592331626
13,20,8.495263588669788e-07,0.687211592331626
13,20,8.495263588669788e-07,0.687211592331626
13,30,1.050842365258614e-06,0.7487619889753369
13,30,1.050842365258614e-06,0.7487619889753369
13,30,1.050842365258614e-06,0.7487619889753369
13,30,1.050842365258614e-06,0.7487619889753369
13,40,1.1102399386582767e-06,0.8357383257568016
13,40,1.1106395661136074e-06,0.8367758593908343
13,40,1.1102399386582767e-06,0.8357383257568016
13,40,1.1102399386582767e-06,0.8357383257568016
13,50,1.1279550746437574e-06,0.9099334740080952
13,50,1.1279550746437574e-06,0.9099334740080952
13,50,1.1279550746437574e-06,0.9099334740080952
13,50,1.1279550746437574e-06,0.9099334740080952
13,60,1.1586112701217132e-06,0.9931142204546226
13,60,1.1586112701217132e-06,0.9931142204546226
13,60,1.1587924712877641e-06,0.9933092277646741
13,60,1.1586112701217132e-06,0.9931142204546226
14,10,4.402378488375847e-07,0.6388661047440827
14,10,4.402378488375847e-07,0.6388661047440827
14,10,4.402378488375847e-07,0.6388661047440827
14,10,4.402378488375847e-07,0.6388661047440827
14,20,8.495263588669788e-07,0.687211592331626
14,20,8.495263588669788e-07,0.687211592331626
14,20,8.495263588669788e-07,0.687211592331626
14,20,8.495263588669788e-07,0.687211592331626
14,30,1.050842365258614e-06,0.7487619889753369
14,30,1.050842365258614e-06,0.7487619889753369
14,30,1.050842365258614e-06,0.7487619889753369
14,30,1.050842365258614e-06,0.7487619889753369
14,40,1.116456733438949e-06,0.8337447320107264
14,40,1.116456733438949e-06,0.8337447320107264
14,40,1.1102399386582767e-06,0.8357383257568016
14,40,1.1102399386582767e-06,0.8357383257568016
14,50,1.1279550746437574e-06,0.9099334740080952
14,50,1.1279550746437574e-06,0.9099334740080952
14,50,1.1279550746437574e-06,0.9099334740080952
14,50,1.1279550746437574e-06,0.9099334740080952
14,60,1.1586112701217132e-06,0.9931142204546226
14,60,1.1586112701217132e-06,0.9931142204546226
14,60,1.1632898791235169e-06,0.9916456324283278
14,60,1.1586112701217132e-06,0.9931142204546226
14,10,4.402378488375847e-07,0.6388661047440827
14,10,4.402378488375847e-07,0.6388661047440827
14,10,4.402378488375847e-07,0.6388661047440827
14,10,4.402378488375847e-07,0.6388661047440827
14,20,8.495263588669788e-07,0.687211592331626
14,20,8.495263588669788e-07,0.687211592331626
14,20,8.495263588669788e-07,0.687211592331626
14,20,8.495263588669788e-07,0.687211592331626
14,30,1.050842365258614e-06,0.7487619889753369
14,30,1.050842365258614e-06,0.7487619889753369
14,30,1.050842365258614e-06,0.7487619889753369
14,30,1.050842365258614e-06,0.7487619889753369
14,40,1.1102399386582767e-06,0.8357383257568016
14,40,1.1102399386582767e-06,0.8357383257568016
14,40,1.1102399386582767e-06,0.8357383257568016
14,40,1.1102399386582767e-06,0.8357383257568016
14,50,1.1279550746437574e-06,0.9099334740080952
14,50,1.1279550746437574e-06,0.9099334740080952
14,50,1.1279550746437574e-06,0.9099334740080952
14,50,1.1279550746437574e-06,0.9099334740080952
14,60,1.1586112701217132e-06,0.9931142204546226
14,60,1.1586112701217132e-06,0.9931142204546226
14,60,1.1586112701217132e-06,0.9931142204546226
14,60,1.1632898791235169e-06,0.9916456324283278
14,10,4.402378488375847e-07,0.6388661047440827
14,10,4.402378488375847e-07,0.6388661047440827
14,10,4.402378488375847e-07,0.6388661047440827
14,10,4.402378488375847e-07,0.6388661047440827
14,20,8.495263588669788e-07,0.687211592331626
14,20,8.495263588669788e-07,0.687211592331626
14,20,8.495263588669788e-07,0.687211592331626
14,20,8.495263588669788e-07,0.687211592331626
14,30,1.050842365258614e-06,0.7487619889753369
14,30,1.050842365258614e-06,0.7487619889753369
14,30,1.050842365258614e-06,0.7487619889753369
14,30,1.050842365258614e-06,0.7487619889753369
14,40,1.1102399386582767e-06,0.8357383257568016
14,40,1.1102399386582767e-06,0.8357383257568016
14,40,1.1102399386582767e-06,0.8357383257568016
14,40,1.116456733438949e-06,0.8337447320107264
14,50,1.1271962205571681e-06,0.9169646349419441
14,50,1.133827648596833e-06,0.9081244852076106
14,50,1.1271962205571681e-06,0.9169646349419441
14,50,1.1279550746437574e-06,0.9099334740080952
14,60,1.1586112701217132e-06,0.9931142204546226
14,60,1.1586112701217132e-06,0.9931142204546226
14,60,1.1586112701217132e-06,0.9931142204546226
14,60,1.1586112701217132e-06,0.9931142204546226
14,10,4.402378488375847e-07,0.6388661047440827
14,10,4.402378488375847e-07,0.6388661047440827
14,10,4.402378488375847e-07,0.6388661047440827
14,10,4.402378488375847e-07,0.6388661047440827
14,20,8.495263588669788e-07,0.687211592331626
14,20,8.495263588669788e-07,0.687211592331626
14,20,8.495263588669788e-07,0.687211592331626
14,20,8.495263588669788e-07,0.687211592331626
14,30,1.050842365258614e-06,0.7487619889753369
14,30,1.050842365258614e-06,0.7487619889753369
14,30,1.050842365258614e-06,0.7487619889753369
14,30,1.050842365258614e-06,0.7487619889753369
14,40,1.1102399386582767e-06,0.8357383257568016
14,40,1.1102399386582767e-06,0.8357383257568016
14,40,1.1102399386582767e-06,0.8357383257568016
14,40,1.1102399386582767e-06,0.8357383257568016
14,50,1.1279550746437574e-06,0.9099334740080952
14,50,1.1283088576933406e-06,0.9105004123879719
14,50,1.1279550746437574e-06,0.9099334740080952
14,50,1.1279550746437574e-06,0.9099334740080952
14,60,1.1586112701217132e-06,0.9931142204546226
14,60,1.1586112701217132e-06,0.9931142204546226
14,60,1.1586112701217132e-06,0.9931142204546226
14,60,1.1586112701217132e-06,0.9931142204546226
15,10,4.402378488375847e-07,0.6388661047440827
15,10,4.402378488375847e-07,0.6388661047440827
15,10,4.402378488375847e-07,0.6388661047440827
15,10,4.402378488375847e-07,0.6388661047440827
15,20,8.495263588669788e-07,0.687211592331626
15,20,8.495263588669788e-07,0.687211592331626
15,20,8.495263588669788e-07,0.687211592331626
15,20,8.495263588669788e-07,0.687211592331626
15,30,1.050842365258614e-06,0.7487619889753369
15,30,1.050842365258614e-06,0.7487619889753369
15,30,1.057029990375042e-06,0.7469652795114288
15,30,1.050842365258614e-06,0.7487619889753369
15,40,1.1102399386582767e-06,0.8357383257568016
15,40,1.1102399386582767e-06,0.8357383257568016
15,40,1.1102399386582767e-06,0.8357383257568016
15,40,1.1097826464882212e-06,0.8425881224674752
15,50,1.1279550746437574e-06,0.9099334740080952
15,50,1.1279550746437574e-06,0.9099334740080952
15,50,1.1279550746437574e-06,0.9099334740080952
15,50,1.1279550746437574e-06,0.9099334740080952
15,60,1.1586112701217132e-06,0.9931142204546226
15,60,1.1586112701217132e-06,0.9931142204546226
15,60,1.1586112701217132e-06,0.9931142204546226
15,60,1.1586112701217132e-06,0.9931142204546226
15,10,4.402378488375847e-07,0.6388661047440827
15,10,4.402378488375847e-07,0.6388661047440827
15,10,4.402378488375847e-07,0.6388661047440827
15,10,4.402378488375847e-07,0.6388661047440827
15,20,8.495263588669788e-07,0.687211592331626
15,20,8.495263588669788e-07,0.687211592331626
15,20,8.495263588669788e-07,0.687211592331626
15,20,8.495263588669788e-07,0.687211592331626
15,30,1.050842365258614e-06,0.7487619889753369
15,30,1.050842365258614e-06,0.7487619889753369
15,30,1.057029990375042e-06,0.7469652795114288
15,30,1.050842365258614e-06,0.7487619889753369
15,40,1.1102399386582767e-06,0.8357383257568016
15,40,1.1102399386582767e-06,0.8357383257568016
15,40,1.1102399386582767e-06,0.8357383257568016
15,40,1.1102399386582767e-06,0.8357383257568016
15,50,1.1279550746437574e-06,0.9099334740080952
15,50,1.1279550746437574e-06,0.9099334740080952
15,50,1.1279550746437574e-06,0.9099334740080952
15,50,1.1279550746437574e-06,0.9099334740080952
15,60,1.1586112701217132e-06,0.9931142204546226
15,60,1.1586112701217132e-06,0.9931142204546226
15,60,1.1586112701217132e-06,0.9931142204546226
15,60,1.1586112701217132e-06,0.9931142204546226
15,10,4.402378488375847e-07,0.6388661047440827
15,10,4.402378488375847e-07,0.6388661047440827
15,10,4.402378488375847e-07,0.6388661047440827
15,10,4.402378488375847e-07,0.6388661047440827
15,20,8.495263588669788e-07,0.687211592331626
15,20,8.495263588669788e-07,0.687211592331626
15,20,8.495263588669788e-07,0.687211592331626
15,20,8.495263588669788e-07,0.687211592331626
15,30,1.050842365258614e-06,0.7487619889753369
15,30,1.050842365258614e-06,0.7487619889753369
15,30,1.050842365258614e-06,0.7487619889753369
15,30,1.050842365258614e-06,0.7487619889753369
15,40,1.1102399386582767e-06,0.8357383257568016
15,40,1.1102399386582767e-06,0.8357383257568016
15,40,1.1102399386582767e-06,0.8357383257568016
15,40,1.1102399386582767e-06,0.8357383257568016
15,50,1.1279550746437574e-06,0.9099334740080952
15,50,1.1279550746437574e-06,0.9099334740080952
15,50,1.1279550746437574e-06,0.9099334740080952
15,50,1.1279550746437574e-06,0.9099334740080952
15,60,1.1586112701217132e-06,0.9931142204546226
15,60,1.1586112701217132e-06,0.9931142204546226
15,60,1.1586112701217132e-06,0.9931142204546226
15,60,1.1586112701217132e-06,0.9931142204546226
15,10,4.402378488375847e-07,0.6388661047440827
15,10,4.4448357526171133e-07,0.6375794151110348
15,10,4.4448357526171133e-07,0.6375794151110348
15,10,4.402378488375847e-07,0.6388661047440827
15,20,8.495263588669788e-07,0.687211592331626
15,20,8.495263588669788e-07,0.687211592331626
15,20,8.495263588669788e-07,0.687211592331626
15,20,8.495263588669788e-07,0.687211592331626
15,30,1.050842365258614e-06,0.7487619889753369
15,30,1.050842365258614e-06,0.7487619889753369
15,30,1.050842365258614e-06,0.7487619889753369
15,30,1.050842365258614e-06,0.7487619889753369
15,40,1.1102399386582767e-06,0.8357383257568016
15,40,1.1102399386582767e-06,0.8357383257568016
15,40,1.1102399386582767e-06,0.8357383257568016
15,40,1.1102399386582767e-06,0.8357383257568016
15,50,1.1279550746437574e-06,0.9099334740080952
15,50,1.1279550746437574e-06,0.9099334740080952
15,50,1.1279550746437574e-06,0.9099334740080952
15,50,1.1279550746437574e-06,0.9099334740080952
15,60,1.1586112701217132e-06,0.9931142204546226
15,60,1.1586112701217132e-06,0.9931142204546226
15,60,1.1586112701217132e-06,0.9931142204546226
15,60,1.1586112701217132e-06,0.9931142204546226
20,10,4.402378488375847e-07,0.6388661047440827
20,10,4.402378488375847e-07,0.6388661047440827
20,10,4.402378488375847e-07,0.6388661047440827
20,10,4.402378488375847e-07,0.6388661047440827
20,20,8.495263588669788e-07,0.687211592331626
20,20,8.495263588669788e-07,0.687211592331626
20,20,8.495263588669788e-07,0.687211592331626
20,20,8.495263588669788e-07,0.687211592331626
20,30,1.050842365258614e-06,0.7487619889753369
20,30,1.050842365258614e-06,0.7487619889753369
20,30,1.050842365258614e-06,0.7487619889753369
20,30,1.050842365258614e-06,0.7487619889753369
20,40,1.1102399386582767e-06,0.8357383257568016
20,40,1.1102399386582767e-06,0.8357383257568016
20,40,1.1102399386582767e-06,0.8357383257568016
20,40,1.116456733438949e-06,0.8337447320107264
20,50,1.1279550746437574e-06,0.9099334740080952
20,50,1.1279550746437574e-06,0.9099334740080952
20,50,1.1279550746437574e-06,0.9099334740080952
20,50,1.1283088576933406e-06,0.9105004123879719
20,60,1.1586112701217132e-06,0.9931142204546226
20,60,1.1586112701217132e-06,0.9931142204546226
20,60,1.1586112701217132e-06,0.9931142204546226
20,60,1.1586112701217132e-06,0.9931142204546226
20,10,4.402378488375847e-07,0.6388661047440827
20,10,4.402378488375847e-07,0.6388661047440827
20,10,4.402378488375847e-07,0.6388661047440827
20,10,4.402378488375847e-07,0.6388661047440827
20,20,8.495263588669788e-07,0.687211592331626
20,20,8.495263588669788e-07,0.687211592331626
20,20,8.495263588669788e-07,0.687211592331626
20,20,8.495263588669788e-07,0.687211592331626
20,30,1.051321001415456e-06,0.7502410598449814
20,30,1.050842365258614e-06,0.7487619889753369
20,30,1.050842365258614e-06,0.7487619889753369
20,30,1.050842365258614e-06,0.7487619889753369
20,40,1.1102399386582767e-06,0.8357383257568016
20,40,1.1102399386582767e-06,0.8357383257568016
20,40,1.116456733438949e-06,0.8337447320107264
20,40,1.1102399386582767e-06,0.8357383257568016
20,50,1.1279550746437574e-06,0.9099334740080952
20,50,1.1279550746437574e-06,0.9099334740080952
20,50,1.1279550746437574e-06,0.9099334740080952
20,50,1.1283088576933406e-06,0.9105004123879719
20,60,1.1586112701217132e-06,0.9931142204546226
20,60,1.1586112701217132e-06,0.9931142204546226
20,60,1.1586112701217132e-06,0.9931142204546226
20,60,1.1586112701217132e-06,0.9931142204546226
20,10,4.402378488375847e-07,0.6388661047440827
20,10,4.402378488375847e-07,0.6388661047440827
20,10,4.402378488375847e-07,0.6388661047440827
20,10,4.4448357526171133e-07,0.6375794151110348
20,20,8.495263588669788e-07,0.687211592331626
20,20,8.495263588669788e-07,0.687211592331626
20,20,8.495263588669788e-07,0.687211592331626
20,20,8.495263588669788e-07,0.687211592331626
20,30,1.050842365258614e-06,0.7487619889753369
20,30,1.050842365258614e-06,0.7487619889753369
20,30,1.050842365258614e-06,0.7487619889753369
20,30,1.050842365258614e-06,0.7487619889753369
20,40,1.1102399386582767e-06,0.8357383257568016
20,40,1.1102399386582767e-06,0.8357383257568016
20,40,1.1102399386582767e-06,0.8357383257568016
20,40,1.1102399386582767e-06,0.8357383257568016
20,50,1.1279550746437574e-06,0.9099334740080952
20,50,1.1279550746437574e-06,0.9099334740080952
20,50,1.1279550746437574e-06,0.9099334740080952
20,50,1.1279550746437574e-06,0.9099334740080952
20,60,1.1586112701217132e-06,0.9931142204546226
20,60,1.1586112701217132e-06,0.9931142204546226
20,60,1.1586112701217132e-06,0.9931142204546226
20,60,1.1586112701217132e-06,0.9931142204546226
20,10,4.402378488375847e-07,0.6388661047440827
20,10,4.402378488375847e-07,0.6388661047440827
20,10,4.402378488375847e-07,0.6388661047440827
20,10,4.402378488375847e-07,0.6388661047440827
20,20,8.495263588669788e-07,0.687211592331626
20,20,8.495263588669788e-07,0.687211592331626
20,20,8.499470354251499e-07,0.6881410900267889
20,20,8.554590633434521e-07,0.6854388647503319
20,30,1.050842365258614e-06,0.7487619889753369
20,30,1.050842365258614e-06,0.7487619889753369
20,30,1.050842365258614e-06,0.7487619889753369
20,30,1.050842365258614e-06,0.7487619889753369
20,40,1.1102399386582767e-06,0.8357383257568016
20,40,1.1102399386582767e-06,0.8357383257568016
20,40,1.1102399386582767e-06,0.8357383257568016
20,40,1.1102399386582767e-06,0.8357383257568016
20,50,1.1279550746437574e-06,0.9099334740080952
20,50,1.1279550746437574e-06,0.9099334740080952
20,50,1.1279550746437574e-06,0.9099334740080952
20,50,1.1279550746437574e-06,0.9099334740080952
20,60,1.1586112701217132e-06,0.9931142204546226
20,60,1.1586112701217132e-06,0.9931142204546226
20,60,1.1587924712877641e-06,0.9933092277646741
20,60,1.1586112701217132e-06,0.9931142204546226
25,10,4.402378488375847e-07,0.6388661047440827
25,10,4.402378488375847e-07,0.6388661047440827
25,10,4.402378488375847e-07,0.6388661047440827
25,10,4.402378488375847e-07,0.6388661047440827
25,20,8.554590633434521e-07,0.6854388647503319
25,20,8.495263588669788e-07,0.687211592331626
25,20,8.554590633434521e-07,0.6854388647503319
25,20,8.554590633434521e-07,0.6854388647503319
25,30,1.050842365258614e-06,0.7487619889753369
25,30,1.050842365258614e-06,0.7487619889753369
25,30,1.051321001415456e-06,0.7502410598449814
25,30,1.050842365258614e-06,0.7487619889753369
25,40,1.1102399386582767e-06,0.8357383257568016
25,40,1.1102399386582767e-06,0.8357383257568016
25,40,1.116456733438949e-06,0.8337447320107264
25,40,1.1102399386582767e-06,0.8357383257568016
25,50,1.1279550746437574e-06,0.9099334740080952
25,50,1.1279550746437574e-06,0.9099334740080952
25,50,1.1279550746437574e-06,0.9099334740080952
25,50,1.1279550746437574e-06,0.9099334740080952
25,60,1.1632898791235169e-06,0.9916456324283278
25,60,1.1586112701217132e-06,0.9931142204546226
25,60,1.1586112701217132e-06,0.9931142204546226
25,60,1.1586112701217132e-06,0.9931142204546226
25,10,4.402378488375847e-07,0.6388661047440827
25,10,4.402378488375847e-07,0.6388661047440827
25,10,4.402378488375847e-07,0.6388661047440827
25,10,4.402378488375847e-07,0.6388661047440827
25,20,8.495263588669788e-07,0.687211592331626
25,20,8.495263588669788e-07,0.687211592331626
25,20,8.495263588669788e-07,0.687211592331626
25,20,8.495263588669788e-07,0.687211592331626
25,30,1.050842365258614e-06,0.7487619889753369
25,30,1.050842365258614e-06,0.7487619889753369
25,30,1.050842365258614e-06,0.7487619889753369
25,30,1.050842365258614e-06,0.7487619889753369
25,40,1.1102399386582767e-06,0.8357383257568016
25,40,1.1102399386582767e-06,0.8357383257568016
25,40,1.1102399386582767e-06,0.8357383257568016
25,40,1.1102399386582767e-06,0.8357383257568016
25,50,1.1283088576933406e-06,0.9105004123879719
25,50,1.1279550746437574e-06,0.9099334740080952
25,50,1.1279550746437574e-06,0.9099334740080952
25,50,1.1279550746437574e-06,0.9099334740080952
25,60,1.1586112701217132e-06,0.9931142204546226
25,60,1.1586112701217132e-06,0.9931142204546226
25,60,1.1586112701217132e-06,0.9931142204546226
25,60,1.1586112701217132e-06,0.9931142204546226
25,10,4.402378488375847e-07,0.6388661047440827
25,10,4.402378488375847e-07,0.6388661047440827
25,10,4.402378488375847e-07,0.6388661047440827
25,10,4.402378488375847e-07,0.6388661047440827
25,20,8.475304253286369e-07,0.6935980317900443
25,20,8.554590633434521e-07,0.6854388647503319
25,20,8.495263588669788e-07,0.687211592331626
25,20,8.495263588669788e-07,0.687211592331626
25,30,1.050842365258614e-06,0.7487619889753369
25,30,1.050842365258614e-06,0.7487619889753369
25,30,1.050842365258614e-06,0.7487619889753369
25,30,1.050842365258614e-06,0.7487619889753369
25,40,1.1102399386582767e-06,0.8357383257568016
25,40,1.1102399386582767e-06,0.8357383257568016
25,40,1.1102399386582767e-06,0.8357383257568016
25,40,1.1102399386582767e-06,0.8357383257568016
25,50,1.1279550746437574e-06,0.9099334740080952
25,50,1.1279550746437574e-06,0.9099334740080952
25,50,1.1279550746437574e-06,0.9099334740080952
25,50,1.1279550746437574e-06,0.9099334740080952
25,60,1.1586112701217132e-06,0.9931142204546226
25,60,1.1586112701217132e-06,0.9931142204546226
25,60,1.1586112701217132e-06,0.9931142204546226
25,60,1.1586112701217132e-06,0.9931142204546226
25,10,4.402378488375847e-07,0.6388661047440827
25,10,4.402378488375847e-07,0.6388661047440827
25,10,4.402378488375847e-07,0.6388661047440827
25,10,4.402378488375847e-07,0.6388661047440827
25,20,8.495263588669788e-07,0.687211592331626
25,20,8.495263588669788e-07,0.687211592331626
25,20,8.495263588669788e-07,0.687211592331626
25,20,8.495263588669788e-07,0.687211592331626
25,30,1.050842365258614e-06,0.7487619889753369
25,30,1.050842365258614e-06,0.7487619889753369
25,30,1.050842365258614e-06,0.7487619889753369
25,30,1.050842365258614e-06,0.7487619889753369
25,40,1.1102399386582767e-06,0.8357383257568016
25,40,1.1102399386582767e-06,0.8357383257568016
25,40,1.1102399386582767e-06,0.8357383257568016
25,40,1.1102399386582767e-06,0.8357383257568016
25,50,1.1279550746437574e-06,0.9099334740080952
25,50,1.1279550746437574e-06,0.9099334740080952
25,50,1.1279550746437574e-06,0.9099334740080952
25,50,1.1283088576933406e-06,0.9105004123879719
25,60,1.1587924712877641e-06,0.9933092277646741
25,60,1.1587924712877641e-06,0.9933092277646741
25,60,1.1586112701217132e-06,0.9931142204546226
25,60,1.1586112701217132e-06,0.9931142204546226
30,10,4.402378488375847e-07,0.6388661047440827
30,10,4.402378488375847e-07,0.6388661047440827
30,10,4.402378488375847e-07,0.6388661047440827
30,10,4.402378488375847e-07,0.6388661047440827
30,20,8.499470354251499e-07,0.6881410900267889
30,20,8.495263588669788e-07,0.687211592331626
30,20,8.499470354251499e-07,0.6881410900267889
30,20,8.499470354251499e-07,0.6881410900267889
30,30,1.050842365258614e-06,0.7487619889753369
30,30,1.050842365258614e-06,0.7487619889753369
30,30,1.050842365258614e-06,0.7487619889753369
30,30,1.051321001415456e-06,0.7502410598449814
30,40,1.1102399386582767e-06,0.8357383257568016
30,40,1.1102399386582767e-06,0.8357383257568016
30,40,1.1102399386582767e-06,0.8357383257568016
30,40,1.1102399386582767e-06,0.8357383257568016
30,50,1.1279550746437574e-06,0.9099334740080952
30,50,1.1279550746437574e-06,0.9099334740080952
30,50,1.133827648596833e-06,0.9081244852076106
30,50,1.1279550746437574e-06,0.9099334740080952
30,60,1.1587924712877641e-06,0.9933092277646741
30,60,1.1586112701217132e-06,0.9931142204546226
30,60,1.1586112701217132e-06,0.9931142204546226
30,60,1.1587924712877641e-06,0.9933092277646741
30,10,4.402378488375847e-07,0.6388661047440827
30,10,4.40344862097301e-07,0.6378573988798945
30,10,4.402378488375847e-07,0.6388661047440827
30,10,4.402378488375847e-07,0.6388661047440827
30,20,8.495263588669788e-07,0.687211592331626
30,20,8.495263588669788e-07,0.687211592331626
30,20,8.495263588669788e-07,0.687211592331626
30,20,8.495263588669788e-07,0.687211592331626
30,30,1.051321001415456e-06,0.7502410598449814
30,30,1.050842365258614e-06,0.7487619889753369
30,30,1.051321001415456e-06,0.7502410598449814
30,30,1.051321001415456e-06,0.7502410598449814
30,40,1.1102399386582767e-06,0.8357383257568016
30,40,1.1102399386582767e-06,0.8357383257568016
30,40,1.1102399386582767e-06,0.8357383257568016
30,40,1.116456733438949e-06,0.8337447320107264
30,50,1.1279550746437574e-06,0.9099334740080952
30,50,1.1279550746437574e-06,0.9099334740080952
30,50,1.1279550746437574e-06,0.9099334740080952
30,50,1.1279550746437574e-06,0.9099334740080952
30,60,1.1586112701217132e-06,0.9931142204546226
30,60,1.1586112701217132e-06,0.9931142204546226
30,60,1.1586112701217132e-06,0.9931142204546226
30,60,1.1586112701217132e-06,0.9931142204546226
30,10,4.402378488375847e-07,0.6388661047440827
30,10,4.402378488375847e-07,0.6388661047440827
30,10,4.402378488375847e-07,0.6388661047440827
30,10,4.402378488375847e-07,0.6388661047440827
30,20,8.495263588669788e-07,0.687211592331626
30,20,8.554590633434521e-07,0.6854388647503319
30,20,8.495263588669788e-07,0.687211592331626
30,20,8.499470354251499e-07,0.6881410900267889
30,30,1.050842365258614e-06,0.7487619889753369
30,30,1.050842365258614e-06,0.7487619889753369
30,30,1.051321001415456e-06,0.7502410598449814
30,30,1.050842365258614e-06,0.7487619889753369
30,40,1.1106395661136074e-06,0.8367758593908343
30,40,1.116456733438949e-06,0.8337447320107264
30,40,1.1102399386582767e-06,0.8357383257568016
30,40,1.1102399386582767e-06,0.8357383257568016
30,50,1.1279550746437574e-06,0.9099334740080952
30,50,1.133827648596833e-06,0.9081244852076106
30,50,1.1279550746437574e-06,0.9099334740080952
30,50,1.1279550746437574e-06,0.9099334740080952
30,60,1.1587924712877641e-06,0.9933092277646741
30,60,1.1586112701217132e-06,0.9931142204546226
30,60,1.1586112701217132e-06,0.9931142204546226
30,60,1.1586112701217132e-06,0.9931142204546226
30,10,4.40344862097301e-07,0.6378573988798945
30,10,4.4448357526171133e-07,0.6375794151110348
30,10,4.402378488375847e-07,0.6388661047440827
30,10,4.402378488375847e-07,0.6388661047440827
30,20,8.495263588669788e-07,0.687211592331626
30,20,8.495263588669788e-07,0.687211592331626
30,20,8.495263588669788e-07,0.687211592331626
30,20,8.499470354251499e-07,0.6881410900267889
30,30,1.050842365258614e-06,0.7487619889753369
30,30,1.050842365258614e-06,0.7487619889753369
30,30,1.050842365258614e-06,0.7487619889753369
30,30,1.050842365258614e-06,0.7487619889753369
30,40,1.1102399386582767e-06,0.8357383257568016
30,40,1.1102399386582767e-06,0.8357383257568016
30,40,1.1102399386582767e-06,0.8357383257568016
30,40,1.1102399386582767e-06,0.8357383257568016
30,50,1.1283088576933406e-06,0.9105004123879719
30,50,1.1279550746437574e-06,0.9099334740080952
30,50,1.1279550746437574e-06,0.9099334740080952
30,50,1.1279550746437574e-06,0.9099334740080952
30,60,1.1586112701217132e-06,0.9931142204546226
30,60,1.1586112701217132e-06,0.9931142204546226
30,60,1.1586112701217132e-06,0.9931142204546226
30,60,1.1587924712877641e-06,0.9933092277646741
40,10,4.3781618251901283e-07,0.6438800764686141
40,10,4.3781618251901283e-07,0.6438800764686141
40,10,4.3781618251901283e-07,0.6438800764686141
40,10,4.3781618251901283e-07,0.6438800764686141
40,20,8.479511018868082e-07,0.694530715926378
40,20,8.479511018868082e-07,0.694530715926378
40,20,8.479511018868082e-07,0.694530715926378
40,20,8.479511018868082e-07,0.694530715926378
40,30,1.0505255417688066e-06,0.7567219739553306
40,30,1.0505255417688066e-06,0.7567219739553306
40,30,1.0505255417688066e-06,0.7567219739553306
40,30,1.0505255417688066e-06,0.7567219739553306
40,40,1.1101822739435517e-06,0.8436264849333582
40,40,1.1101822739435517e-06,0.8436264849333582
40,40,1.1101822739435517e-06,0.8436264849333582
40,40,1.1101822739435517e-06,0.8436264849333582
40,50,1.127550003606752e-06,0.9175312980005983
40,50,1.127550003606752e-06,0.9175312980005983
40,50,1.127550003606752e-06,0.9175312980005983
40,50,1.127550003606752e-06,0.9175312980005983
40,60,1.1572921811638814e-06,1.0005490569608384
40,60,1.1572921811638814e-06,1.0005490569608384
40,60,1.1572921811638814e-06,1.0005490569608384
40,60,1.1572921811638814e-06,1.0005490569608384
40,10,4.3781618251901283e-07,0.6438800764686141
40,10,4.3781618251901283e-07,0.6438800764686141
40,10,4.3781618251901283e-07,0.6438800764686141
40,10,4.3781618251901283e-07,0.6438800764686141
40,20,8.479511018868082e-07,0.694530715926378
40,20,8.479511018868082e-07,0.694530715926378
40,20,8.479511018868082e-07,0.694530715926378
40,20,8.479511018868082e-07,0.694530715926378
40,30,1.0505255417688066e-06,0.7567219739553306
40,30,1.0505255417688066e-06,0.7567219739553306
40,30,1.0505255417688066e-06,0.7567219739553306
40,30,1.0505255417688066e-06,0.7567219739553306
40,40,1.1101822739435517e-06,0.8436264849333582
40,40,1.1101822739435517e-06,0.8436264849333582
40,40,1.1101822739435517e-06,0.8436264849333582
40,40,1.1101822739435517e-06,0.8436264849333582
40,50,1.127550003606752e-06,0.9175312980005983
40,50,1.127550003606752e-06,0.9175312980005983
40,50,1.127550003606752e-06,0.9175312980005983
40,50,1.127550003606752e-06,0.9175312980005983
40,60,1.1572921811638814e-06,1.0005490569608384
40,60,1.1572921811638814e-06,1.0005490569608384
40,60,1.1572921811638814e-06,1.0005490569608384
40,60,1.1572921811638814e-06,1.0005490569608384
40,10,4.3781618251901283e-07,0.6438800764686141
40,10,4.3781618251901283e-07,0.6438800764686141
40,10,4.3781618251901283e-07,0.6438800764686141
40,10,4.3781618251901283e-07,0.6438800764686141
40,20,8.479511018868082e-07,0.694530715926378
40,20,8.479511018868082e-07,0.694530715926378
40,20,8.479511018868082e-07,0.694530715926378
40,20,8.479511018868082e-07,0.694530715926378
40,30,1.0505255417688066e-06,0.7567219739553306
40,30,1.0505255417688066e-06,0.7567219739553306
40,30,1.0567131668852344e-06,0.7549121750577926
40,30,1.0505255417688066e-06,0.7567219739553306
40,40,1.1101822739435517e-06,0.8436264849333582
40,40,1.1101822739435517e-06,0.8436264849333582
40,40,1.1101822739435517e-06,0.8436264849333582
40,40,1.1101822739435517e-06,0.8436264849333582
40,50,1.127550003606752e-06,0.9175312980005983
40,50,1.127550003606752e-06,0.9175312980005983
40,50,1.127550003606752e-06,0.9175312980005983
40,50,1.127550003606752e-06,0.9175312980005983
40,60,1.1572921811638814e-06,1.0005490569608384
40,60,1.1572921811638814e-06,1.0005490569608384
40,60,1.1572921811638814e-06,1.0005490569608384
40,60,1.1572921811638814e-06,1.0005490569608384
40,10,4.4206190894313944e-07,0.642580981108734
40,10,4.3781618251901283e-07,0.6438800764686141
40,10,4.4206190894313944e-07,0.642580981108734
40,10,4.3781618251901283e-07,0.6438800764686141
40,20,8.479511018868082e-07,0.694530715926378
40,20,8.479511018868082e-07,0.694530715926378
40,20,8.479511018868082e-07,0.694530715926378
40,20,8.479511018868082e-07,0.694530715926378
40,30,1.0505255417688066e-06,0.7567219739553306
40,30,1.0505255417688066e-06,0.7567219739553306
40,30,1.0505255417688066e-06,0.7567219739553306
40,30,1.0505255417688066e-06,0.7567219739553306
40,40,1.1101822739435517e-06,0.8436264849333582
40,40,1.1101822739435517e-06,0.8436264849333582
40,40,1.1101822739435517e-06,0.8436264849333582
40,40,1.1101822739435517e-06,0.8436264849333582
40,50,1.127550003606752e-06,0.9175312980005983
40,50,1.127550003606752e-06,0.9175312980005983
40,50,1.127550003606752e-06,0.9175312980005983
40,50,1.127550003606752e-06,0.9175312980005983
40,60,1.1572921811638814e-06,1.0005490569608384
40,60,1.1572921811638814e-06,1.0005490569608384
40,60,1.1572921811638814e-06,1.0005490569608384
40,60,1.1572921811638814e-06,1.0005490569608384
